miRNA,KMG0071_R1
MIR1-1,34.33
MIR1-2,0
MIR100,33.56
MIR101-1,5.72
MIR101-2,0.38
MIR103A1,0.76
MIR103A2,0.38
MIR103B1,16417.55
MIR103B2,16397.34
MIR105-1,0
MIR105-2,0
MIR106A,4.58
MIR106B,484.39
MIR107,2.67
MIR10A,577.84
MIR10B,472.57
MIR1178,1.14
MIR1179,1.14
MIR1180,23.65
MIR1181,14.11
MIR1182,1.91
MIR1183,0.76
MIR1185-1,1.14
MIR1185-2,0.76
MIR1193,0.76
MIR1197,1.53
MIR1199,3.43
MIR1200,2.67
MIR1202,3.05
MIR1203,1.14
MIR1204,0.38
MIR1205,2.29
MIR1206,3.05
MIR1207,3.43
MIR1208,1.14
MIR122,29718.96
MIR1224,25.17
MIR1225,5.34
MIR1226,1.91
MIR1227,4.2
MIR1228,3.81
MIR1229,8.01
MIR1231,3.05
MIR1233-1,0.38
MIR1233-2,0.76
MIR1234,35.09
MIR1236,5.72
MIR1237,2.29
MIR1238,1.91
MIR124-1,0
MIR124-2,0.76
MIR124-3,1.14
MIR1243,2.29
MIR1245A,0.38
MIR1245B,0
MIR1246,194.9
MIR1247,5.72
MIR1248,0.38
MIR1249,3.05
MIR1250,6.87
MIR1251,0.38
MIR1252,1.14
MIR1253,3.05
MIR1255A,8.77
MIR1255B1,5.72
MIR1255B2,4.2
MIR1256,4.58
MIR1257,1.91
MIR1258,0.76
MIR125A,405.82
MIR125B1,66.75
MIR125B2,65.98
MIR126,24406.64
MIR1260A,28.99
MIR1260B,62.93
MIR1261,20.98
MIR1262,3.81
MIR1263,1.14
MIR1264,0.76
MIR1265,1.14
MIR1266,2.67
MIR1267,1.14
MIR1268A,12.97
MIR1268B,1.91
MIR1269A,1.91
MIR1269B,3.43
MIR127,5.34
MIR1270,1.91
MIR1271,1.14
MIR1272,1.53
MIR1273C,3.81
MIR1273H,47.3
MIR1275,13.35
MIR1276,1.53
MIR1277,37
MIR1278,0.76
MIR1279,0.38
MIR128-1,2.67
MIR128-2,0.38
MIR1281,8.01
MIR1282,2.29
MIR1283-1,0
MIR1283-2,1.14
MIR1284,0
MIR1285-1,8.77
MIR1285-2,3.81
MIR1286,1.53
MIR1287,37
MIR1288,1.53
MIR1289-1,0.38
MIR1289-2,0
MIR129-1,0.38
MIR129-2,1.91
MIR1290,4.96
MIR1291,0.76
MIR1292,19.07
MIR1293,9.92
MIR1294,0.38
MIR1295A,0.38
MIR1295B,0.38
MIR1296,4.2
MIR1297,1.14
MIR1298,3.81
MIR1299,7.25
MIR1301,3.43
MIR1302-1,0
MIR1302-3,0
MIR1302-4,0.76
MIR1302-5,1.14
MIR1302-6,0.38
MIR1302-7,1.14
MIR1302-8,0.38
MIR1303,4.2
MIR1304,27.84
MIR1305,0
MIR1306,69.04
MIR1307,1.53
MIR130A,1.91
MIR130B,5.34
MIR132,4.2
MIR1321,0
MIR1322,0.76
MIR1323,1.14
MIR1324,1.53
MIR133A1,0
MIR133A2,1.91
MIR133B,0.38
MIR134,32.8
MIR1343,3.43
MIR135A1,1.91
MIR135A2,1.53
MIR135B,1.14
MIR136,1.14
MIR137,3.81
MIR138-1,39.67
MIR138-2,3.05
MIR139,1697.67
MIR140,103.74
MIR141,1.53
MIR142,13597
MIR143,15.64
MIR144,3.43
MIR145,34.71
MIR1468,1.53
MIR1469,3.43
MIR146A,1270.49
MIR146B,513.38
MIR1470,3.05
MIR1471,1.91
MIR147A,2.29
MIR147B,0.76
MIR148A,0.76
MIR148B,4.58
MIR149,2.29
MIR150,141.12
MIR151A,18599.62
MIR151B,1.14
MIR152,1.91
MIR153-1,0.76
MIR153-2,0
MIR1537,3.81
MIR1538,3.81
MIR1539,0
MIR154,41.57
MIR155,657.18
MIR1587,5.34
MIR15A,4277.55
MIR15B,12665.21
MIR16-1,90251.53
MIR16-2,88751.82
MIR17,515.29
MIR181A1,1834.6
MIR181A2,275.38
MIR181B1,97.64
MIR181B2,136.55
MIR181C,72.85
MIR181D,46.91
MIR182,316.19
MIR1825,1.14
MIR1827,1.14
MIR183,69.8
MIR184,0.38
MIR185,12087.37
MIR186,568.31
MIR187,1.53
MIR188,3.43
MIR18A,481.34
MIR18B,16.4
MIR1908,113.66
MIR1909,0.38
MIR190A,2.29
MIR190B,4.58
MIR191,18636.23
MIR1910,0.76
MIR1911,2.29
MIR1912,0.76
MIR1913,1.53
MIR1914,12.59
MIR1915,41.57
MIR192,89.25
MIR193A,242.2
MIR193B,9.92
MIR194-1,36.23
MIR194-2,40.43
MIR195,106.03
MIR196A1,2.67
MIR196A2,5.72
MIR196B,17.93
MIR197,14.88
MIR1972-1,0.38
MIR1972-2,1.91
MIR1973,3.05
MIR1976,1.91
MIR198,1.53
MIR199A1,64.08
MIR199A2,64.46
MIR199B,24.79
MIR19A,2.29
MIR19B1,1.14
MIR19B2,1.14
MIR200A,4.58
MIR200B,1.91
MIR200C,0.76
MIR202,3.43
MIR203A,3.05
MIR203B,48.82
MIR204,4.2
MIR205,14.11
MIR2052,0.38
MIR2053,0.38
MIR2054,19.83
MIR206,1.14
MIR208A,2.67
MIR208B,3.05
MIR20A,9381.62
MIR20B,994.73
MIR21,12798.7
MIR210,6.1
MIR211,1.53
MIR2110,125.48
MIR2113,1.14
MIR2114,1.53
MIR2115,5.34
MIR2116,0.76
MIR2117,1.14
MIR212,3.43
MIR214,53.02
MIR215,3.81
MIR216A,1.91
MIR216B,1.53
MIR217,1.14
MIR218-1,2.67
MIR218-2,1.14
MIR219A1,0.38
MIR219A2,0.38
MIR219B,1.14
MIR22,120.91
MIR221,68.27
MIR222,476.39
MIR223,450.45
MIR224,388.28
MIR2276,0.38
MIR2277,4.2
MIR2278,3.81
MIR2355,0.76
MIR2392,9.15
MIR23A,14.88
MIR23B,1.14
MIR23C,1.14
MIR24-1,46.53
MIR24-2,1.53
MIR2467,1.53
MIR25,20.98
MIR2681,1.14
MIR2682,1.91
MIR26A1,34168.91
MIR26A2,34739.12
MIR26B,44501.01
MIR27A,2.67
MIR27B,41.96
MIR28,811.65
MIR2861,158.67
MIR2909,1.53
MIR296,0.76
MIR297,1.53
MIR298,7.63
MIR299,30.13
MIR29A,117.86
MIR29B1,1.14
MIR29B2,4.2
MIR29C,7.63
MIR300,1.91
MIR301A,0
MIR301B,1.14
MIR302A,7.63
MIR302B,8.39
MIR302C,1.53
MIR302D,0
MIR302E,2.29
MIR302F,0
MIR3064,2.29
MIR3065,144.94
MIR3074,13267.84
MIR30A,659.08
MIR30B,173.92
MIR30C1,92.68
MIR30C2,86.96
MIR30D,11837.16
MIR30E,14470.82
MIR31,8.77
MIR3115,0.76
MIR3116-1,1.53
MIR3116-2,0.38
MIR3117,0.38
MIR3118-1,0.38
MIR3119-1,0.38
MIR3119-2,0.76
MIR3120,4.2
MIR3121,0
MIR3122,1.14
MIR3123,0.38
MIR3124,3.81
MIR3125,2.29
MIR3126,2.67
MIR3127,7.63
MIR3128,3.43
MIR3129,25.55
MIR3130-1,0
MIR3130-2,0.38
MIR3131,1.91
MIR3132,3.05
MIR3133,2.67
MIR3134,1.53
MIR3135A,2.67
MIR3135B,683.49
MIR3136,4.2
MIR3137,1.53
MIR3138,11.82
MIR3139,1.91
MIR3140,1.14
MIR3141,3.81
MIR3142,0
MIR3143,12.97
MIR3144,3.05
MIR3145,1.91
MIR3146,0
MIR3147,10.3
MIR3148,7.25
MIR3149,1.53
MIR3150A,2.67
MIR3150B,0.76
MIR3151,0.38
MIR3152,0
MIR3153,2.67
MIR3154,2.29
MIR3155A,2.29
MIR3155B,1.91
MIR3156-1,0
MIR3156-2,0
MIR3156-3,0.76
MIR3157,11.44
MIR3158-1,1.91
MIR3158-2,0.38
MIR3159,3.05
MIR3160-1,1.91
MIR3160-2,2.67
MIR3161,4.58
MIR3162,3.43
MIR3163,2.67
MIR3164,3.43
MIR3165,2.67
MIR3166,0.76
MIR3167,2.29
MIR3168,0
MIR3169,0.76
MIR3170,0.38
MIR3171,0
MIR3173,0.76
MIR3174,1.14
MIR3175,1.53
MIR3176,1.14
MIR3177,2.29
MIR3178,8.77
MIR3180-1,0
MIR3180-2,0
MIR3180-3,0
MIR3180-4,2.67
MIR3180-5,0.76
MIR3181,3.81
MIR3182,6.87
MIR3183,1.14
MIR3184,365.01
MIR3185,1.53
MIR3186,0.38
MIR3187,1.91
MIR3188,16.78
MIR3189,1.14
MIR3190,3.43
MIR3191,2.67
MIR3192,9.92
MIR3193,3.43
MIR3194,9.54
MIR3195,7.25
MIR3196,5.72
MIR3197,1.53
MIR3198-1,0.76
MIR3198-2,0.38
MIR3199-1,8.39
MIR3199-2,7.63
MIR32,18.31
MIR3200,33.56
MIR3201,0
MIR3202-1,0.38
MIR3202-2,0.38
MIR320A,6.48
MIR320B1,4687.57
MIR320B2,1.53
MIR320C1,0.38
MIR320C2,32.42
MIR320D1,6.1
MIR320D2,5.72
MIR320E,2.29
MIR323A,2.29
MIR323B,1.91
MIR324,691.12
MIR325,8.01
MIR326,1.53
MIR328,1.53
MIR329-1,9.54
MIR329-2,9.15
MIR330,15.26
MIR331,2.29
MIR335,4780.25
MIR337,17.55
MIR338,4.96
MIR339,202.53
MIR33A,11.44
MIR33B,3.43
MIR340,1700.72
MIR342,59.88
MIR345,74.38
MIR346,3.43
MIR34A,247.54
MIR34B,3.05
MIR34C,3.05
MIR3529,1.91
MIR3591,4.2
MIR3605,9.92
MIR3606,1.91
MIR3609,2.29
MIR361,1133.18
MIR3610,3.81
MIR3611,0.38
MIR3612,3.05
MIR3613,17.16
MIR3614,5.34
MIR3615,6.1
MIR3616,2.29
MIR3617,32.8
MIR3618,0
MIR3619,4.2
MIR362,40.05
MIR3620,2.29
MIR3621,2.67
MIR3622A,1.53
MIR3622B,0.38
MIR363,2.67
MIR3646,0.76
MIR3648-1,13.35
MIR3648-2,17.93
MIR3649,0.38
MIR3650,0.76
MIR3651,1.14
MIR3652,3.05
MIR3654,1.53
MIR3655,0.38
MIR3657,1.14
MIR3658,0.76
MIR3659,0.38
MIR365A,1.91
MIR365B,2.67
MIR3660,1.53
MIR3661,0.76
MIR3662,2.29
MIR3663,0.76
MIR3664,6.1
MIR3665,98.79
MIR3666,1.14
MIR3667,11.44
MIR3668,1.91
MIR367,0
MIR3671,0.38
MIR3672,0
MIR3674,1.53
MIR3675,1.14
MIR3677,1.91
MIR3678,3.81
MIR3679,14.49
MIR3680-1,1.14
MIR3680-2,0.38
MIR3681,1.14
MIR3682,0
MIR3683,1.53
MIR3684,0.38
MIR3685,3.05
MIR3686,0.76
MIR3688-1,2.29
MIR3688-2,2.67
MIR3689A,0.38
MIR3689B,0.76
MIR3689C,0
MIR3689D1,0.38
MIR3689D2,0.38
MIR3689E,0
MIR3689F,0
MIR369,56.83
MIR3690,0.38
MIR3691,3.05
MIR3692,1.53
MIR370,1.91
MIR3713,0.38
MIR3714,2.29
MIR371A,0.38
MIR371B,0
MIR372,0.76
MIR373,1.91
MIR374A,721.25
MIR374B,532.07
MIR374C,231.9
MIR375,78.95
MIR376A1,1.91
MIR376A2,10.68
MIR376B,0
MIR376C,11.44
MIR377,0.76
MIR378A,1.14
MIR378B,8.39
MIR378C,73.23
MIR378D1,0.76
MIR378D2,4.58
MIR378E,1.53
MIR378F,1.14
MIR378G,1.91
MIR378H,1.53
MIR378I,60.64
MIR378J,2.29
MIR379,34.33
MIR380,0
MIR381,0.38
MIR382,251.35
MIR383,1.14
MIR384,0
MIR3907,3.43
MIR3908,1.53
MIR3909,4.96
MIR3910-1,0.38
MIR3910-2,0
MIR3911,1.53
MIR3912,0.38
MIR3913-1,1.53
MIR3913-2,1.91
MIR3914-1,3.05
MIR3914-2,4.2
MIR3915,5.34
MIR3916,12.21
MIR3917,0.38
MIR3918,4.2
MIR3919,0
MIR3920,2.29
MIR3921,0
MIR3922,0.38
MIR3923,1.14
MIR3924,3.05
MIR3925,1.91
MIR3926-1,0
MIR3927,0
MIR3928,5.72
MIR3929,4.2
MIR3934,1.14
MIR3935,0.76
MIR3936,1.53
MIR3937,2.29
MIR3938,0.38
MIR3939,0.76
MIR3940,1.91
MIR3941,1.91
MIR3942,0.76
MIR3943,0.38
MIR3944,0
MIR3945,1.14
MIR3960,5.72
MIR3972,1.91
MIR3973,0.38
MIR3974,0
MIR3975,1.14
MIR3976,9.54
MIR3977,0.38
MIR3978,1.91
MIR409,17.55
MIR410,0
MIR411,112.52
MIR412,3.43
MIR421,0
MIR422A,3.05
MIR423,8789.67
MIR424,428.71
MIR425,4212.33
MIR4251,0.38
MIR4252,1.14
MIR4253,0.76
MIR4254,3.43
MIR4255,0.76
MIR4256,1.14
MIR4257,1.14
MIR4258,5.34
MIR4259,1.53
MIR4260,2.29
MIR4261,2.67
MIR4262,1.53
MIR4263,2.29
MIR4264,0.76
MIR4265,0.76
MIR4266,0.76
MIR4267,1.53
MIR4268,0
MIR4269,0.38
MIR4270,0.76
MIR4271,5.34
MIR4272,0.76
MIR4273,0.76
MIR4274,1.91
MIR4275,0.76
MIR4276,1.14
MIR4277,1.14
MIR4278,0.76
MIR4279,24.41
MIR4280,0
MIR4281,3.43
MIR4282,0.76
MIR4283-1,1.14
MIR4283-2,0.76
MIR4284,3.43
MIR4285,0.38
MIR4286,14.88
MIR4287,1.14
MIR4288,3.05
MIR4289,1.53
MIR429,1.14
MIR4290,3.05
MIR4291,1.53
MIR4292,0.76
MIR4293,4.58
MIR4294,0.76
MIR4295,1.91
MIR4296,2.67
MIR4297,3.43
MIR4298,4.58
MIR4299,1.53
MIR4300,0.76
MIR4301,7.25
MIR4302,3.81
MIR4303,1.14
MIR4304,1.53
MIR4305,0.38
MIR4306,3.81
MIR4307,1.14
MIR4308,0.38
MIR4309,1.53
MIR431,82.77
MIR4310,1.91
MIR4311,8.39
MIR4312,114.04
MIR4313,5.34
MIR4314,1.53
MIR4315-1,0
MIR4315-2,0.76
MIR4316,4.2
MIR4317,3.05
MIR4318,1.14
MIR4319,0
MIR432,183.84
MIR4320,0.76
MIR4321,1.53
MIR4322,10.68
MIR4323,4.2
MIR4324,1.14
MIR4325,35.47
MIR4326,15.64
MIR4327,2.67
MIR4328,0
MIR4329,2.67
MIR433,2.67
MIR4330,1.53
MIR4418,6.48
MIR4420,2.67
MIR4421,1.53
MIR4422,5.72
MIR4423,0
MIR4424,1.14
MIR4425,3.05
MIR4426,12.21
MIR4427,0.38
MIR4428,1.91
MIR4429,5.34
MIR4430,6.1
MIR4431,1.91
MIR4432,1.14
MIR4433A,178.5
MIR4433B,258.22
MIR4434,4.2
MIR4435-1,1.91
MIR4435-2,2.29
MIR4436A,2.67
MIR4436B1,1.53
MIR4436B2,1.53
MIR4437,2.29
MIR4438,0.38
MIR4439,0.38
MIR4440,0.76
MIR4441,2.29
MIR4442,2.29
MIR4443,17.93
MIR4444-1,1.91
MIR4444-2,1.14
MIR4445,0.38
MIR4446,0.76
MIR4447,3.43
MIR4448,0
MIR4449,15.64
MIR4450,3.05
MIR4451,4.2
MIR4452,1.91
MIR4453,2.29
MIR4454,40.81
MIR4455,25.55
MIR4456,1.14
MIR4457,0.38
MIR4458,1.14
MIR4460,2.29
MIR4462,4.2
MIR4463,1.91
MIR4464,0
MIR4465,1.14
MIR4466,25.94
MIR4467,0.76
MIR4468,2.29
MIR4469,3.05
MIR4470,1.14
MIR4471,1.53
MIR4472-1,3.81
MIR4472-2,14.11
MIR4473,1.14
MIR4474,0.38
MIR4475,1.53
MIR4476,0.38
MIR4477A,0.76
MIR4477B,0.76
MIR4478,0.38
MIR4479,3.81
MIR448,1.91
MIR4480,13.73
MIR4481,1.91
MIR4482,1.14
MIR4483,0.38
MIR4484,6.1
MIR4485,1.91
MIR4486,2.67
MIR4487,1.14
MIR4488,17.55
MIR4489,3.43
MIR4490,0.38
MIR4491,0
MIR4492,9.15
MIR4493,1.91
MIR4494,0.76
MIR4495,1.53
MIR4496,3.43
MIR4497,4.2
MIR4498,0.76
MIR4499,2.29
MIR449A,7.25
MIR449B,1.14
MIR449C,4.96
MIR4500,1.14
MIR4501,5.34
MIR4502,3.05
MIR4503,0
MIR4504,0.38
MIR4505,3.81
MIR4506,1.53
MIR4507,1.14
MIR4508,437.86
MIR450A1,24.03
MIR450A2,26.7
MIR450B,2.67
MIR4510,0.38
MIR4511,2.29
MIR4512,27.08
MIR4513,3.43
MIR4514,4.2
MIR4515,3.43
MIR4516,12.97
MIR4517,0.38
MIR4518,2.67
MIR4519,0.38
MIR451A,2459.35
MIR451B,842.54
MIR452,24.03
MIR4520-1,0.38
MIR4520-2,0
MIR4521,2.67
MIR4522,4.2
MIR4523,10.68
MIR4524A,1.14
MIR4524B,0.76
MIR4525,0.76
MIR4526,0.76
MIR4527,1.53
MIR4528,0
MIR4529,1.91
MIR4530,3.81
MIR4531,2.67
MIR4533,3.81
MIR4534,4.58
MIR4535,1.53
MIR4536-1,0
MIR4536-2,0
MIR4537,2.29
MIR4538,1.14
MIR4539,2.67
MIR454,0.76
MIR4540,0.38
MIR455,1.91
MIR4632,3.81
MIR4633,1.91
MIR4634,46.53
MIR4635,1.91
MIR4636,0.38
MIR4637,2.29
MIR4638,0.76
MIR4639,0.38
MIR4640,2.29
MIR4641,3.43
MIR4642,2.29
MIR4643,0.76
MIR4644,1.14
MIR4645,1.91
MIR4646,1.14
MIR4647,3.81
MIR4648,6.48
MIR4649,1.14
MIR4650-1,0.38
MIR4650-2,0
MIR4651,3.43
MIR4652,0.76
MIR4653,2.29
MIR4654,44.63
MIR4655,16.02
MIR4656,3.05
MIR4657,0.76
MIR4658,4.96
MIR4659A,11.06
MIR4659B,11.82
MIR466,3.43
MIR4660,5.72
MIR4661,4.2
MIR4662A,3.43
MIR4662B,1.14
MIR4663,0.38
MIR4664,2.29
MIR4665,9.92
MIR4666A,1.53
MIR4666B,2.67
MIR4667,1.53
MIR4668,0.38
MIR4669,2.67
MIR4670,3.05
MIR4671,3.05
MIR4672,0.38
MIR4673,8.01
MIR4674,5.34
MIR4675,1.91
MIR4676,3.05
MIR4677,0.38
MIR4678,0
MIR4679-1,0.38
MIR4679-2,0
MIR4680,1.53
MIR4681,2.67
MIR4682,1.91
MIR4683,1.53
MIR4684,1.53
MIR4685,3.81
MIR4686,0.38
MIR4687,3.43
MIR4688,1.14
MIR4689,4.2
MIR4690,1.91
MIR4691,2.29
MIR4692,0
MIR4693,1.91
MIR4694,1.53
MIR4695,2.67
MIR4696,0.38
MIR4697,2.29
MIR4698,1.14
MIR4699,2.67
MIR4700,3.43
MIR4701,5.34
MIR4703,0.38
MIR4704,1.14
MIR4705,0.76
MIR4706,4.2
MIR4707,6.1
MIR4708,0.38
MIR4709,5.72
MIR4710,7.25
MIR4711,0.38
MIR4712,1.14
MIR4713,1.53
MIR4714,1.91
MIR4715,0.76
MIR4716,6.1
MIR4717,1.53
MIR4718,1.91
MIR4719,0
MIR4720,0.76
MIR4721,3.05
MIR4722,2.29
MIR4723,0.76
MIR4724,0
MIR4725,0.76
MIR4726,2.29
MIR4727,3.05
MIR4728,6.87
MIR4729,3.05
MIR4730,2.67
MIR4731,1.91
MIR4732,26.32
MIR4733,0.76
MIR4734,3.81
MIR4735,2.29
MIR4736,20.21
MIR4737,2.67
MIR4738,2.67
MIR4739,5.72
MIR4740,4.96
MIR4741,3.43
MIR4742,3.05
MIR4743,0.76
MIR4744,0.38
MIR4745,3.05
MIR4746,1.53
MIR4747,1.14
MIR4748,9.54
MIR4749,0.76
MIR4750,3.81
MIR4751,1.53
MIR4752,0.76
MIR4753,1.14
MIR4754,3.05
MIR4755,0.76
MIR4756,0.76
MIR4757,4.58
MIR4758,3.81
MIR4759,0.38
MIR4760,0
MIR4761,1.14
MIR4762,0.76
MIR4763,0
MIR4764,3.05
MIR4765,6.1
MIR4766,1.91
MIR4767,3.81
MIR4768,0.38
MIR4769,2.67
MIR4770,7.63
MIR4771-1,0.38
MIR4771-2,0
MIR4772,1.14
MIR4773-1,1.91
MIR4773-2,0.38
MIR4774,0.76
MIR4775,2.67
MIR4776-1,1.91
MIR4776-2,3.05
MIR4777,0
MIR4778,3.05
MIR4779,1.91
MIR4780,0
MIR4781,3.81
MIR4782,1.91
MIR4783,1.91
MIR4784,2.67
MIR4785,36.62
MIR4786,0.38
MIR4787,2.67
MIR4789,0
MIR4790,0.38
MIR4791,1.14
MIR4793,1.14
MIR4794,2.67
MIR4795,0
MIR4796,1.91
MIR4797,1.14
MIR4798,0.76
MIR4799,3.05
MIR4800,5.72
MIR4801,1.14
MIR4802,0
MIR4803,4.2
MIR4804,3.81
MIR483,136.55
MIR484,306.66
MIR485,17.93
MIR486-1,6985.2
MIR486-2,7054.62
MIR487A,0.76
MIR487B,0.38
MIR488,0.38
MIR489,7.63
MIR490,15.64
MIR491,11.82
MIR492,1.91
MIR493,46.15
MIR494,1.91
MIR495,0.38
MIR496,1.91
MIR497,93.45
MIR498,1.14
MIR4999,3.81
MIR499A,70.18
MIR499B,3.05
MIR5000,2.29
MIR5001,1.53
MIR5002,1.91
MIR5003,1.53
MIR5004,0.38
MIR5006,4.58
MIR5007,0.76
MIR5008,1.53
MIR5009,1.53
MIR500A,4.2
MIR500B,1.53
MIR501,6.48
MIR5010,21.36
MIR5011,2.29
MIR502,1.53
MIR503,121.67
MIR504,1.91
MIR5047,2.29
MIR505,160.96
MIR506,0.38
MIR507,1.14
MIR508,0
MIR5087,1.91
MIR5088,2.29
MIR5089,0.76
MIR509-1,1.14
MIR509-2,0.76
MIR509-3,0
MIR5090,6.48
MIR5091,1.14
MIR5092,1.14
MIR5093,6.1
MIR5094,0.38
MIR510,0
MIR5100,13.73
MIR511,1.91
MIR512-1,0.38
MIR512-2,0
MIR513A1,0.76
MIR513A2,2.67
MIR513B,1.14
MIR513C,3.05
MIR514A1,0
MIR514A2,0
MIR514A3,0
MIR514B,0.76
MIR515-1,0
MIR515-2,0
MIR516A1,0.76
MIR516A2,0
MIR516B1,0
MIR516B2,0.38
MIR517A,0.76
MIR517B,0.76
MIR517C,0.76
MIR5186,3.81
MIR5187,10.68
MIR5188,0.76
MIR5189,5.72
MIR518A1,0.38
MIR518A2,0
MIR518B,1.14
MIR518C,0.76
MIR518D,0
MIR518E,0.76
MIR518F,1.14
MIR5190,1.14
MIR5191,0
MIR5192,3.05
MIR5193,6.1
MIR5194,0.76
MIR5195,1.53
MIR5196,4.2
MIR5197,3.05
MIR519A1,0.38
MIR519A2,0.76
MIR519B,0
MIR519C,0.76
MIR519D,0.76
MIR519E,1.14
MIR520A,1.14
MIR520B,0
MIR520C,0.38
MIR520D,0.38
MIR520E,0
MIR520F,0.76
MIR520G,0
MIR520H,0.38
MIR521-1,1.14
MIR521-2,0.38
MIR522,0.76
MIR523,0
MIR524,0.76
MIR525,0.38
MIR526A1,0
MIR526A2,0.38
MIR526B,0.38
MIR527,1.14
MIR532,146.46
MIR539,0.38
MIR541,1.53
MIR542,4.2
MIR543,9.54
MIR544A,1.14
MIR544B,0.38
MIR545,15.26
MIR548A1,1.53
MIR548A2,0.76
MIR548A3,27.84
MIR548AA1,0.76
MIR548AA2,0
MIR548AB,0
MIR548AC,0
MIR548AD,5.34
MIR548AE1,0
MIR548AE2,9.15
MIR548AG1,1.53
MIR548AG2,2.29
MIR548AH,2.29
MIR548AI,0.38
MIR548AJ1,0
MIR548AJ2,0
MIR548AK,1.91
MIR548AL,4.96
MIR548AM,0
MIR548AN,1.14
MIR548AO,1.91
MIR548AP,0
MIR548AQ,0.38
MIR548AR,1.14
MIR548AS,1.53
MIR548AT,1.91
MIR548AU,6.1
MIR548AV,0.38
MIR548AW,20.21
MIR548AX,79.33
MIR548AY,0.38
MIR548AZ,0.76
MIR548B,1.53
MIR548BA,0.76
MIR548BB,0.38
MIR548C,4.96
MIR548D1,1.91
MIR548D2,5.72
MIR548E,4.96
MIR548F1,2.67
MIR548F2,0.38
MIR548F3,0
MIR548F4,0
MIR548F5,0
MIR548G,0.38
MIR548H1,0
MIR548H2,0
MIR548H3,0
MIR548H4,0
MIR548H5,0
MIR548I1,0
MIR548I2,0.38
MIR548I3,0.38
MIR548I4,0
MIR548J,108.7
MIR548K,19.07
MIR548L,12.21
MIR548M,0
MIR548N,1.14
MIR548O,4.2
MIR548O2,5.34
MIR548P,0.76
MIR548Q,17.55
MIR548S,0
MIR548T,3.05
MIR548U,1.14
MIR548V,3.43
MIR548W,0
MIR548X,0
MIR548X2,0.38
MIR548Y,0.38
MIR548Z,0.38
MIR549A,0.38
MIR550A1,5.34
MIR550A2,3.05
MIR550A3,11.44
MIR550B1,1.91
MIR550B2,1.14
MIR551A,0
MIR551B,2.29
MIR552,0.76
MIR553,0.76
MIR554,1.91
MIR555,2.67
MIR556,52.25
MIR557,1.53
MIR5571,1.14
MIR5572,0.38
MIR5579,1.14
MIR558,4.2
MIR5580,0
MIR5581,0.38
MIR5582,0
MIR5583-1,0
MIR5583-2,0.76
MIR5584,4.96
MIR5585,0.76
MIR5586,2.67
MIR5587,0.76
MIR5588,1.91
MIR5589,7.25
MIR559,0.76
MIR5590,0
MIR5591,1.53
MIR561,1.14
MIR562,0
MIR563,0.76
MIR564,15.26
MIR567,0.38
MIR568,1.14
MIR5680,1.14
MIR5681A,0
MIR5681B,0
MIR5682,0.38
MIR5683,1.14
MIR5684,8.39
MIR5685,2.67
MIR5687,1.14
MIR5688,1.14
MIR5689,1.53
MIR569,0.38
MIR5690,3.81
MIR5691,0.38
MIR5692A1,0
MIR5692A2,0
MIR5692B,0
MIR5692C1,1.53
MIR5692C2,1.14
MIR5693,1.91
MIR5694,4.58
MIR5695,24.41
MIR5696,0.76
MIR5697,3.05
MIR5698,0.38
MIR5699,4.58
MIR570,0.76
MIR5700,1.53
MIR5702,0
MIR5703,3.81
MIR5704,0
MIR5705,1.91
MIR5706,1.14
MIR5707,0.76
MIR5708,0
MIR571,0.38
MIR572,6.48
MIR573,0.76
MIR5739,1.53
MIR574,191.47
MIR575,1.14
MIR576,41.19
MIR577,1.14
MIR578,1.14
MIR5787,2.29
MIR579,4.58
MIR580,0.76
MIR581,2.67
MIR582,0.76
MIR583,1.14
MIR584,41.19
MIR585,0.76
MIR586,0
MIR587,0.38
MIR588,0.76
MIR589,41.57
MIR590,34.33
MIR591,3.81
MIR592,3.81
MIR593,1.91
MIR595,1.14
MIR596,21.74
MIR597,3.43
MIR598,1.14
MIR599,3.05
MIR600,0.76
MIR601,9.54
MIR602,0
MIR603,0.76
MIR604,0.38
MIR605,1.91
MIR606,0.38
MIR6068,0.76
MIR6069,4.2
MIR607,1.91
MIR6070,1.53
MIR6071,0.76
MIR6072,16.78
MIR6073,1.91
MIR6074,3.05
MIR6075,6.1
MIR6076,5.34
MIR6077,1.53
MIR6078,2.29
MIR6079,2.29
MIR608,2.29
MIR6080,1.53
MIR6081,1.53
MIR6082,0.38
MIR6083,1.14
MIR6084,2.29
MIR6085,1.14
MIR6086,0.38
MIR6088,1.53
MIR6089,3.81
MIR609,0.76
MIR6090,1.91
MIR610,3.81
MIR611,2.29
MIR612,3.43
MIR6124,4.96
MIR6125,7.25
MIR6126,15.26
MIR6127,4.58
MIR6128,1.14
MIR6129,1.91
MIR613,1.14
MIR6130,0.76
MIR6131,0.76
MIR6132,0.76
MIR6133,1.53
MIR6134,0.76
MIR614,0.38
MIR615,5.34
MIR616,4.58
MIR6165,1.91
MIR617,0
MIR618,1.14
MIR619,10.68
MIR620,0
MIR621,2.67
MIR622,6.1
MIR623,0.38
MIR624,5.34
MIR625,765.5
MIR626,0.38
MIR627,42.34
MIR628,45.77
MIR629,206.73
MIR630,3.43
MIR631,1.53
MIR632,3.81
MIR633,0.38
MIR634,3.43
MIR635,1.91
MIR636,49.58
MIR637,4.58
MIR638,2.67
MIR639,8.01
MIR640,1.14
MIR641,38.52
MIR642A,2.67
MIR642B,11.82
MIR643,2.29
MIR644A,3.81
MIR645,3.43
MIR646,2.29
MIR647,3.05
MIR648,1.53
MIR649,0
MIR6499,1.53
MIR650,3.43
MIR6500,0.38
MIR6501,1.53
MIR6502,0.76
MIR6503,2.67
MIR6504,0.38
MIR6505,4.96
MIR6506,2.67
MIR6507,2.67
MIR6508,0
MIR6509,2.67
MIR651,19.07
MIR6510,0.76
MIR6511B1,0
MIR6511B2,0
MIR6512,0.76
MIR6513,7.25
MIR6514,3.81
MIR6515,6.48
MIR6516,37.76
MIR652,148.37
MIR653,2.67
MIR654,1.53
MIR655,2.29
MIR656,1.14
MIR657,1.91
MIR658,2.29
MIR659,1.14
MIR660,210.54
MIR661,2.67
MIR662,1.53
MIR663A,5.72
MIR663B,4.58
MIR664A,75.52
MIR664B,7.63
MIR665,4.2
MIR668,0
MIR670,0.38
MIR671,81.24
MIR6715A,0.38
MIR6715B,0
MIR6716,2.67
MIR6717,8.01
MIR6718,1.53
MIR6719,0.76
MIR6720,0.38
MIR6721,10.68
MIR6722,3.05
MIR6726,1.91
MIR6727,4.2
MIR6728,0.38
MIR6729,6.48
MIR6730,5.34
MIR6731,5.72
MIR6732,1.91
MIR6733,3.05
MIR6734,19.45
MIR6735,3.81
MIR6736,5.34
MIR6737,2.29
MIR6738,4.96
MIR6739,5.72
MIR6740,3.81
MIR6741,5.34
MIR6742,6.48
MIR6743,4.2
MIR6744,0.38
MIR6745,3.43
MIR6746,6.1
MIR6747,4.58
MIR6748,2.67
MIR6749,1.53
MIR675,2.67
MIR6750,3.05
MIR6751,3.43
MIR6752,4.58
MIR6753,2.67
MIR6754,13.73
MIR6755,0
MIR6756,23.65
MIR6757,2.67
MIR6758,7.25
MIR6759,4.2
MIR676,4.96
MIR6760,6.1
MIR6761,4.2
MIR6762,1.53
MIR6763,5.34
MIR6764,32.42
MIR6765,3.05
MIR6766,4.96
MIR6767,4.58
MIR6768,1.14
MIR6769A,3.81
MIR6769B,5.34
MIR6771,12.59
MIR6772,1.53
MIR6773,0.76
MIR6774,2.29
MIR6775,1.91
MIR6776,3.43
MIR6777,3.05
MIR6778,4.2
MIR6779,3.05
MIR6780A,4.58
MIR6780B,6.1
MIR6781,1.53
MIR6782,8.77
MIR6783,3.43
MIR6784,1.91
MIR6785,3.05
MIR6786,2.67
MIR6787,2.29
MIR6788,3.05
MIR6789,2.67
MIR6790,4.58
MIR6791,2.67
MIR6792,1.53
MIR6793,5.72
MIR6794,3.81
MIR6795,5.34
MIR6796,3.43
MIR6797,6.1
MIR6798,1.53
MIR6799,1.53
MIR6800,3.81
MIR6801,3.43
MIR6802,12.21
MIR6803,6.1
MIR6804,2.29
MIR6805,3.05
MIR6806,0.76
MIR6807,3.43
MIR6808,1.91
MIR6809,4.2
MIR6810,6.1
MIR6811,1.53
MIR6812,22.88
MIR6813,5.72
MIR6814,0.38
MIR6815,3.43
MIR6816,1.91
MIR6817,1.91
MIR6818,6.87
MIR6819,6.1
MIR6820,3.81
MIR6821,6.1
MIR6822,0.76
MIR6823,3.43
MIR6824,3.43
MIR6825,2.29
MIR6826,0.76
MIR6828,3.43
MIR6829,4.58
MIR6830,1.14
MIR6831,1.91
MIR6832,3.43
MIR6833,3.43
MIR6834,1.91
MIR6835,2.29
MIR6836,2.29
MIR6837,0.38
MIR6838,1.53
MIR6839,1.14
MIR6840,0
MIR6841,1.14
MIR6842,3.43
MIR6843,1.53
MIR6844,0
MIR6845,1.91
MIR6846,4.2
MIR6847,3.05
MIR6848,1.14
MIR6849,1.14
MIR6850,7.63
MIR6851,0.76
MIR6852,41.57
MIR6853,1.14
MIR6854,1.53
MIR6855,1.91
MIR6856,2.29
MIR6857,2.29
MIR6858,0.76
MIR6860,11.06
MIR6861,6.1
MIR6862-1,1.53
MIR6862-2,1.53
MIR6863,0.38
MIR6864,1.14
MIR6865,3.81
MIR6866,2.29
MIR6867,8.01
MIR6868,1.91
MIR6869,5.34
MIR6870,4.2
MIR6871,3.05
MIR6872,1.91
MIR6873,14.49
MIR6874,0.38
MIR6875,0
MIR6876,1.91
MIR6877,8.77
MIR6878,0.38
MIR6879,6.87
MIR6880,4.96
MIR6881,1.53
MIR6882,27.84
MIR6883,0.38
MIR6884,3.05
MIR6885,3.81
MIR6886,2.29
MIR6887,2.29
MIR6888,1.91
MIR6889,3.05
MIR6890,2.29
MIR6891,5.72
MIR6892,4.58
MIR6893,1.91
MIR6894,4.58
MIR6895,1.53
MIR7-1,4.58
MIR7-2,1.91
MIR7-3,2.29
MIR708,22.12
MIR7106,3.81
MIR7107,11.06
MIR7108,11.06
MIR7109,0.76
MIR711,1.53
MIR7110,2.29
MIR7111,2.67
MIR7112,0.76
MIR7113,1.91
MIR7114,1.91
MIR7150,4.96
MIR7151,1.14
MIR7152,0
MIR7153,1.91
MIR7154,1.14
MIR7155,0
MIR7156,2.29
MIR7157,0.38
MIR7158,3.05
MIR7159,5.34
MIR7160,1.14
MIR7161,3.05
MIR7162,11.82
MIR718,2.29
MIR744,2881.2
MIR7515,1.91
MIR758,1.14
MIR759,0.38
MIR760,6.1
MIR761,1.91
MIR762,1.91
MIR764,1.91
MIR765,0.38
MIR766,46.15
MIR767,1.14
MIR769,58.74
MIR770,2.29
MIR7702,3.05
MIR7703,6.1
MIR7704,4.2
MIR7705,0.38
MIR7706,3.05
MIR7843,1.14
MIR7844,1.53
MIR7845,4.96
MIR7846,0.76
MIR7847,0.76
MIR7848,1.53
MIR7849,6.1
MIR7850,1.91
MIR7851,5.34
MIR7852,0.76
MIR7853,1.14
MIR7854,5.34
MIR7855,3.81
MIR7856,2.29
MIR7973-1,0.38
MIR7973-2,0.38
MIR7974,2.67
MIR7975,3.05
MIR7976,1.53
MIR7977,43.48
MIR7978,3.81
MIR802,0.76
MIR8052,2.29
MIR8053,2.67
MIR8054,2.29
MIR8055,0.38
MIR8056,0.38
MIR8057,6.1
MIR8058,0.76
MIR8059,4.96
MIR8060,0.38
MIR8061,1.53
MIR8062,3106.61
MIR8063,3.43
MIR8064,0.38
MIR8065,0.38
MIR8066,4.2
MIR8067,0.38
MIR8068,0
MIR8069,0
MIR8070,1.14
MIR8071-1,0
MIR8071-2,0
MIR8072,4.58
MIR8073,0.38
MIR8074,1.14
MIR8075,1.14
MIR8076,0.76
MIR8077,5.34
MIR8078,6.1
MIR8079,1.53
MIR8080,1.53
MIR8081,1.53
MIR8082,4.2
MIR8083,2.67
MIR8084,0
MIR8085,18.31
MIR8086,0
MIR8087,0.76
MIR8088,0.76
MIR8089,4.96
MIR8485,7.25
MIR873,4.96
MIR874,2.67
MIR875,0.38
MIR876,0
MIR877,150.28
MIR885,5.72
MIR887,1.14
MIR888,0.38
MIR889,1.91
MIR890,0.38
MIR891A,0
MIR891B,2.67
MIR892A,1.14
MIR892B,0.76
MIR892C,0
MIR9-1,1.91
MIR9-2,0.76
MIR9-3,0.38
MIR920,3.05
MIR921,1.53
MIR922,3.43
MIR924,0.38
MIR92A1,11.44
MIR92A2,1.53
MIR92B,12.59
MIR93,14308.34
MIR933,1.14
MIR934,1.91
MIR935,7.25
MIR936,3.81
MIR937,0.76
MIR938,1.14
MIR939,2.29
MIR940,3.05
MIR941-1,0
MIR942,56.07
MIR943,1.14
MIR944,3.43
MIR95,82.39
MIR9500,1.53
MIR96,12.21
MIR98,3491.46
MIR99A,96.5
MIR99B,332.59
MIRLET7A1,453.12
MIRLET7A2,195.28
MIRLET7A3,69.04
MIRLET7B,23366.14
MIRLET7C,596.53
MIRLET7D,14953.31
MIRLET7E,791.43
MIRLET7F1,22266.91
MIRLET7F2,25215.99
MIRLET7G,29919.96
MIRLET7I,23395.13
SNORD138,0.38
hsa-mir-8069-1,0
