miRNA,KMG0025_R1,KMG0033_R1,KMG0034_R1,KMG0035_R1,KMG0037_2_R1,KMG0037_R1,KMG0038_R1,KMG0039_R1,KMG0040_R1,KMG0042_R1,KMG0051_R1,KMG0055_R1,KMG0056_R1,KMG0057_R1,KMG0059_R1,KMG0062_R1,KMG0063_R1,KMG0064_2_R1,KMG0064_R1,KMG0066_2_R1,KMG0066_R1,KMG0067_2_R1,KMG0067_R1,KMG0068_2_R1,KMG0068_R1,KMG0069_2_R1,KMG0069_R1,KMG0071_R1,KMG0072_R1,KMG0073_R1,KMG0074_R1,KMG0075_2_R1,KMG0075_R1,KMG0076_R1,KMG0077_2_R1,KMG0077_R1,KMG0078_R1,KMG0079_R1,KMG0080_R1,KMG0081_R1,KMG0083_R1,KMG0084_2_R1,KMG0084_R1,KMG0085_R1,KMG0086_R1,KMG0088_R1,KMG0091_R1,KMG0093_R1,KMG0094_R1,KMG0095_R1,KMG0096_R1,KMG0097_R1,KMG0098_R1,KMG0099_R1,KMG0100_R1,KMG0101_2_R1,KMG0101_R1,KMG0102_R1,KMG0103_R1,KMG0104_R1,KMG0105_R1,KMG0106_R1,KMG0107_R1,KMG0108_R1,KMG0109_2_R1,KMG0109_R1,KMG0110_R1,KMG0111_R1,KMG0112_R1,KMG0113_R1,KMG0114_R1,KMG0115_2_R1,KMG0115_R1,KMG0116_R1,KMG0117_R1,KMG0118_R1,KMG0119_R1,KMG0120_R1,KMG0121_R1,KMG0122_R1,KMG0123_R1,KMG0124_R1,KMG0125_R1,KMG0126_R1,KMG0127_R1,KMG0128_R1,KMG0129_R1,KMG0130_R1,KMG0131_R1,KMG0132_R1,KMG0133_R1,KMG0134_R1,KMG0135_R1,KMG0136_R1,KMG0137_R1,KMG0138_R1,KMG0139_R1,KMG0140_R1,KMG0141_R1,KMG0142_R1,KMG0143_R1,KMG0144_R1,KMG0145_R1,KMG0146_R1,KMG0147_R1,KMG0148_R1,KMG0149_R1,KMG0150_R1,KMG0151_R1,KMG0152_R1,KMG0153_R1,KMG0154_R1,KMG0155_R1,KMG0156_R1,KMG0157_R1,KMG0158_R1,KMG0159_R1,KMG0160_R1,KMG0161_R1,KMG0162_R1,KMG0163_R1,KMG0164_R1,KMG0165_R1,KMG0166_R1,KMG0167_R1,KMG0168_R1,KMG0169_R1,KMG0170_R1,KMG0171_R1,KMG0172_R1,KMG0173_R1,KMG0174_R1,KMG0175_R1,KMG0176_R1,KMG0177_R1,KMG0178_R1,KMG0179_R1,KMG0180_R1,KMG0181_R1,KMG0182_R1,KMG0183_R1,KMG0184_R1,KMG0185_R1,KMG0186_2_R1,KMG0186_R1,KMG0187_2_R1,KMG0187_R1,KMG0188_R1,KMG0189_R1,KMG0190_R1,KMG0191_R1,KMG0192_2_R1,KMG0192_R1,KMG0193_R1,KMG0194_R1,KMG0195_R1,KMG0196_R1,KMG0197_R1,KMG0198_R1,KMG0199_R1,KMG0200_R1,KMG0201_R1,KMG0202_R1,KMG0203_R1,KMG0204_R1,KMG0205_R1,KMG0206_R1,KMG0209_R1,KMG0210_R1,KMG0211_R1,KMG0212_R1,KMG0213_R1,KMG0214_R1,KMG0215_R1,KMG0216_R1,KMG0217_R1,KMG0219_R1,KMG0220_R1,KMG0221_R1,KMG0222_R1,KMG0223_R1,KMG0224_R1,KMG0225_R1,KMG0226_R1,KMG0229_R1,KMG0230_R1,KMG0231_R1,KMG0232_R1,KMG0234_R1,KMG0236_R1,KMG0237_R1,KMG0238_R1,KMG0239_R1,KMG0240_R1,KMG0244_R1,KMG0245_R1,KMG0246_R1,KMG0247_R1,KMG0250_R1,KMG0252_R1,KMG0254_R1,KMG0255_R1,KMG0257_R1,KMG0260_R1,KMG0261_R1,KMG0262_R1,KMG0264_R1,KMG0265_R1,KMG0266_R1,KMG0267_R1,KMG0268_R1,KMG0269_R1,KMG0271_R1,KMG0273_R1,KMG0274_R1,KMG0275_R1,KMG0276_R1,KMG0277_R1,KMG0278_R1,KMG0280_R1,KMG0281_R1,KMG0282_R1,KMG0283_R1,KMG0285_R1,KMG0286_R1,KMG0288_R1,KMG0289_R1,KMG0290_R1,KMG0292_R1,KMG0293_R1,KMG0294_R1,KMG0295_R1,KMG0297_R1,KMG0298_R1,KMG0299_R1,KMG0300_R1,KMG0301_R1,KMG0303_R1,KMG0304_R1,KMG0306_R1,KMG0307_R1,KMG0310_R1,KMG0311_R1,KMG0312_R1,KMG0315_R1,KMG0316_R1,KMG0317_R1
hsa-miR-10b,100.75,774.81,359.52,447.31,163.53,150.28,90.42,181.43,235.98,193.39,116.47,1051.21,2478.16,440.06,323.6,629.35,224.39,92.41,0,83.34,167.84,92,0,296.98,0,201.07,0,472.57,281.37,394.07,377.76,0,186.52,234.66,42.64,0,275.18,179.29,429.49,469.56,65.53,48.5,0,70.19,112.05,228.3,168.18,155.45,78.05,281.49,461.74,451.98,98.2,223.21,167.06,57.29,0,177.74,69.31,114.41,414.23,86.86,95.37,227.67,59.29,53.92,151.52,507.79,1547.37,401.67,437.59,74.83,246.32,564.55,615.52,659.85,275.17,537.64,312.54,301.7,529.13,399.94,577.18,570.96,492.97,399.68,207.03,393.6,166.84,144.6,248.26,872.21,421.53,187.81,369.41,755.73,705.79,381.7,661.59,173.24,226.24,351.36,413.01,613.22,127.35,277.44,529.3,200.78,801.55,460.51,458.08,287.71,107.19,338.82,516.15,228.55,128.92,265.01,171.7,158.89,289.7,233.74,160.02,161.96,282.74,499.98,149.31,130.89,298.51,213.06,130,39.92,25.02,287.31,82.71,98.02,91.93,67.51,33.58,0,9.66,84.94,19.71,29.56,0,36.49,0,122,141.19,0,83.31,34,0,15.03,13.87,0,30.39,6.46,32.56,161.09,74.71,67.12,76.88,105.89,99.92,81.03,25.92,152.8,88.14,192.82,310.08,321.6,114.12,295.42,149.03,360.02,211.71,246.95,161.79,148,81.46,112.25,122.47,969.91,514.89,235.98,258.46,236.32,1203.32,517.14,690.72,321.18,351.01,114.8,275.98,677.83,862.28,523.93,89.79,193.43,103.87,107.66,441.29,161.72,0,190.02,209.57,264.64,347.4,437.33,148.52,566.91,329.59,1160.54,229.04,227.36,88.73,257.25,279.11,430.48,0,608.49,136.15,263.49,243.76,257.9,309.55,47.39,216.88,421.54,448.3,207.24,218.55,659.64,223.85,218.26,0,198.36,355.72,584.91,766.9,207.07,175.44,214.68,107.76,166.96,407.79
hsa-miR-1185.1,11.19,0,4.94,8.17,0,1.1,1.44,3.24,0,5.92,1.04,2.67,0,0,2.23,0.82,0.7,10.27,0,3.48,0,0,0,7.33,0,9.57,0,1.14,5.31,1.71,2.83,0,0,2.67,21.32,0,0.78,2.13,8.44,0,1.68,0,0,0,0,5.41,0,16.81,6.69,0,0.61,0,0,1.59,0,0,0,0,0.46,1.29,1.15,0,2.47,2.94,0,0,0,4.16,1.44,0,0,0,1.36,0.92,0,0,0,0,2.35,2.14,8.1,0,1.27,3.41,1.74,2.18,0,17.32,0,7.23,0,4.59,0,3.45,0,0,0,0,4.82,0,0,7.17,1.92,4.08,18.64,5.66,0,0,9.11,2.8,1.79,5.33,8.25,0,4.1,0,1.86,2.49,2.09,5.48,3.31,1.02,3.48,1.5,0.74,5.95,17.23,0,15.44,14.69,13.26,19.96,0,0,0,0,9.19,0,4.8,26.62,16.11,11.01,9.86,0,0,0,0,0,16.94,0,0,0,0,5.01,13.87,0,0,0,16.28,0,8.58,5.48,7.32,1.96,2.75,6.33,3.12,0,0,0,7.44,0,32.6,5.91,9.94,0,0,0,0,0,16.29,0,0,2.73,0,5.95,2.25,0,0,0,12.95,0,0,8.2,9.52,5.45,4.02,12.47,9.62,6.37,0,0,3.47,26.95,0,0,23.29,0,0,13.88,0,8.34,0,0,3.58,2.15,0,0,6.75,0,0,0,0,0,0,1.21,8.6,0,0,0,9.64,0,0,1.79,5.74,0,0,0,0,4.43,0,0,0,0,2.51,0,0
hsa-miR-1277,18.66,10.22,9.87,17.36,0,14.81,0.96,56.88,0,31.57,4.16,5.34,19.75,7.14,31.24,7.34,11.25,15.4,0,27.07,0,63.69,0,11,0,14.36,522.47,37,10.62,11.99,33.25,0,0,28,0,0,5.44,17.72,3.51,0,23.52,48.5,0,4.68,28.92,18.21,0,0,49.06,2.9,72.39,1.51,28.51,7.94,5.57,19.1,0,15.46,13.4,6.43,7.47,6.68,20.55,7.34,0,0,11.14,10.41,12.95,7.95,13.13,6.51,3.99,31.21,0,31.06,9.83,5.35,18.8,8.56,2.7,27.27,32.91,10.23,20.3,15.29,32.17,6.3,7.25,0,55.17,18.36,6.8,26.99,0,6.75,17.05,32.91,17.21,0,9.43,7.17,17.29,5.1,10.87,9.06,0,0,10.41,7,3.58,0,12.37,0,0,17.58,23.61,26.75,9.54,27.39,11.27,26.54,20,18.55,11.43,15.87,11.49,0,23.16,4.9,29.18,19.96,0,60.49,16.54,0,0,0,0,0,0,9.44,0,0,0,0,0,3.39,5.65,21.22,0,0,0,0,69.35,0,0,0,0,5.28,12.87,18.26,0,7.84,20.17,4.43,9.74,0,0,0,4.96,0,0,5.91,0,0,0,0,0,0,0,0,0,47.81,102.98,6.94,22.47,0,43.76,0,12.95,0,95.73,8.2,30.93,7.63,9.37,24.95,0,2.39,0,0,6.95,0,0,0,0,0,13.36,10.41,0,8.34,34.59,0,10.74,18.48,0,42.46,6.75,0,0,0,0,0,0,8.17,8.6,15.8,0,11.39,21.69,19.19,14.46,17.05,17.22,26.95,0,1.97,20.92,4.43,6.44,0,0,5.96,0,12.84,0
hsa-miR-1307,14.93,1.7,3.29,7.15,0,1.65,1.44,0.72,6.84,3.95,0,2.67,0,2.38,0,0,2.11,30.8,0,2.68,83.92,0,0,14.05,0,14.36,0,1.53,10.62,3.43,0.71,0,0,6.67,21.32,0,18.66,9.92,24.6,0,0,12.13,0,9.36,0,0.98,0,4.2,0,0,3.65,0,0,3.97,0,0,0,2.58,1.39,0.64,1.72,2.86,3.29,5.88,0,0,0,8.32,8.64,7.95,4.38,0,1.18,0.92,0,0,0,1.34,0,8.56,16.2,9.09,3.8,13.63,4.06,6.55,2.8,9.45,29.02,7.23,0,4.59,0,2.3,0,0,0,26.32,15.83,0,9.43,7.17,7.68,11.22,26.4,10.19,15.88,0,26.02,32.19,3.58,5.33,12.37,9.41,8.19,0,2.12,6.22,3.28,0,19.22,7.14,1.74,5.01,4.79,11.9,26.8,11.9,12.87,63.67,21.22,0,8.34,0,0,0,18.39,0,14.39,0,38.66,25.17,19.71,0,0,0,0,40.67,67.77,0,53.91,0,0,40.09,0,50.48,0,18.08,0,7.92,20.76,7.31,7.32,8.5,3.67,17.73,4.68,45.84,37.77,21.42,9.92,0,0,23.63,39.74,0,13.23,0,0,0,35.84,0,14.41,13.66,0,18.84,4.49,0,21.88,16.16,0,0,31.91,8.2,23.79,11.99,17.41,12.47,12.83,18.31,0,9.36,17.37,0,0,12.67,0,18.9,26.72,13.88,0,8.34,0,0,17.89,6.88,0,2.5,6.75,0,0,0,0,10.13,0,3.94,34.39,0,0,0,0,15.35,3.21,2.69,0,2.69,0,0,0,4.43,6.44,0,0,5.96,12.53,0,0
hsa-miR-137,26.12,3.41,4.11,1.02,0,0,1.44,0.36,0,0,2.08,10.67,0,2.38,4.46,1.63,0.7,0,0,2.95,0,7.08,0,14.05,0,4.79,0,3.81,0,6.85,0,0,62.17,1.33,0,0,5.44,3.54,14.06,0,0,0,0,9.36,0,1.48,0,0,6.69,0,0,0,0,5.56,0,0,0,0,0.92,0.64,3.45,0.95,0.82,11.75,0,0,0,0,1.44,7.95,4.38,0,2.18,3.67,32.4,2.82,0,10.7,2.35,6.42,16.2,0,1.27,13.63,2.9,0,2.8,6.3,7.25,0,0,9.18,0,1.72,0,13.5,10.23,6.58,13.08,0,18.85,25.1,11.53,13.26,10.87,11.32,5.29,0,33.83,5.6,12.53,21.31,12.37,18.82,8.19,8.79,1.86,4.35,2.09,5.48,10.61,4.08,4.35,2.51,4.42,12.9,11.49,11.9,10.29,36.73,10.61,39.92,16.68,0,33.09,49.01,32.17,33.76,19.19,0,38.66,17.3,0,29.56,0,0,0,10.17,39.53,21.22,0,34,34.38,15.03,27.74,0,0,3.87,0,5.28,9.25,6.85,18.31,6.54,7.33,8.86,7.79,0,0,0,4.96,0,16.3,11.82,49.68,0,26.46,0,16.18,0,42.36,10.2,7.2,9.56,0,8.92,6.74,0,21.88,0,4.32,0,0,16.4,14.28,8.72,12.05,12.47,3.21,7.16,0,9.36,3.47,0,0,25.34,0,0,13.36,13.88,0,8.34,2.03,0,21.47,3.01,0,2.5,6.75,0,0,0,0,0,0,3.03,8.6,0,27.11,22.79,21.69,19.19,1.61,2.69,0,2.69,0,0.66,0,4.43,6.44,0,31.9,0,0,0,45.31
hsa-miR-143,37.31,132.82,23.04,16.34,0,10.42,12.99,13.68,20.52,11.84,11.44,24.01,39.49,535.21,26.78,62.77,24.62,66.74,0,32.42,0,28.31,0,45.83,0,23.94,0,15.64,69.01,34.27,21.22,0,0,25.33,21.32,0,23.32,19.13,31.63,20.78,11.76,12.13,0,42.11,32.53,13.28,13.45,42.01,33.45,23.22,18.86,15.12,35.9,38.92,0,0,0,12.88,38.81,30.21,92.5,34.36,31.65,48.47,59.29,35.95,23.4,20.81,15.83,27.84,17.5,78.09,49.75,28.46,64.79,28.24,39.31,16.05,14.1,25.68,21.6,27.27,36.71,30.68,24.36,37.13,22.38,51.96,72.54,21.69,82.75,36.72,33.99,28.72,73.88,121.46,34.1,39.49,61.96,0,89.56,78.88,36.5,50,41.93,35.1,10.59,80.31,94.99,85.38,64.42,47.95,41.23,75.29,22.53,35.16,22.02,19.28,22.06,32.87,112.04,31.64,20,38.11,34.28,65.47,65.08,35.7,46.32,53.88,37.14,19.96,108.41,45.37,16.54,24.5,36.77,90.02,33.58,0,125.64,75.5,98.55,0,0,138.67,0,47.44,33.89,42.45,78.41,0,34.38,120.28,13.87,0,0,11.62,32.56,23.77,25.28,26.03,117.16,28.11,29.33,34.82,35.66,30.56,100.73,0,19.85,0,0,94.54,64.58,72,26.46,0,80.89,42.29,61.91,30.61,36.02,36.88,51.49,17.85,20.23,0,21.88,96.96,60.44,0,63.82,73.8,47.58,58.85,32.13,49.9,44.9,40.6,23.97,18.72,121.62,80.86,0,63.34,139.71,75.61,0,52.06,0,8.34,24.41,0,17.89,12.03,88.73,22.48,22.51,95.66,0,0,0,70.94,0,17.25,17.2,31.59,13.56,68.36,43.38,72.92,32.14,24.23,80.36,32.33,0,28.9,62.77,137.36,161.11,161.05,15.95,53.67,107.76,12.84,30.21
hsa-miR-1468,14.93,10.22,1.65,2.04,0,8.78,0.96,0.72,0,7.89,1.04,8,0,7.14,6.7,4.08,0.7,0,0,1.61,0,0,0,0.61,0,0,0,1.53,5.31,3.43,0,0,62.17,0,0,163.77,2.33,0,5.62,0,1.68,0,0,0,0,2.95,20.18,8.4,0,8.71,1.83,0,3.17,7.94,0,0,0,0,0.46,0.64,3.45,0.95,5.75,5.88,0,0,1.11,6.24,4.32,35.79,0,0,2.18,2.75,0,0,0,6.69,4.7,4.28,2.7,9.09,1.27,1.7,4.64,2.18,2.8,9.45,7.25,0,0,0,0,2.87,0,0,3.41,19.74,6.2,24.75,4.71,10.76,5.76,1.02,6.21,10.19,10.59,0,3.9,0,7.16,10.66,0,0,6.14,0,1.33,3.73,0,10.96,5.3,4.08,2.61,2.01,3.32,3.97,5.74,0,7.72,0,2.65,19.96,0,0,0,24.5,4.6,22.5,14.39,0,3.22,6.29,0,0,0,0,0,0,16.94,0,0,0,0,0,13.87,0,0,2.58,16.28,0,3.61,2.74,7.32,1.31,0,6.33,1.95,15.28,0,0,12.4,0,0,17.73,14.9,0,0,0,0,0,6.52,0,0,2.73,0,4.96,2.25,0,0,16.16,4.32,0,31.91,0,4.76,11.99,4.02,0,3.21,2.39,7.99,0,6.95,0,0,12.67,0,0,0,6.94,0,8.34,0,0,21.47,9.03,29.58,2.5,2.25,0,0,0,0,20.27,0,0.3,8.6,0,40.67,0,7.23,11.51,0,8.97,5.74,0,0,1.97,0,0,0,0,15.95,5.96,0,12.84,15.1
hsa-miR-146b,123.14,354.2,338.13,574.97,654.13,418.48,674.27,579.93,506.16,548.59,717.55,405.54,503.53,394.87,638.28,732.07,847.63,159.16,468.82,225.63,167.84,261.83,0,208.99,0,229.79,0,513.38,265.44,370.08,273.77,0,124.35,259.99,149.25,163.77,409.65,334.49,141.99,278.41,362.91,157.64,0,224.61,325.31,389.69,174.9,252.08,287.65,159.61,515.88,164.77,302,282.79,295.14,57.29,0,252.44,237.97,302.08,189.59,109.77,193.2,183.6,118.57,143.8,254.02,449.52,451.98,151.12,783.28,71.58,151.98,630.64,485.94,624.09,422.58,464.08,422.98,355.19,213.27,518.1,602.49,354.51,699.44,563.49,651.85,181.06,224.88,607.31,248.26,302.98,163.17,613.96,295.53,425.1,405.75,151.36,344.91,470.23,70.7,182.85,159.44,234.68,223.64,435.98,111.15,80.31,182.17,239.36,159.25,197.14,288.58,677.64,137.23,131.86,425.75,469.68,565.16,345.17,114.02,413.37,527.9,257.74,500.97,347.21,197.17,345.08,311.38,242.45,164.49,299.41,141.77,559.5,231.6,245.04,183.85,123.78,91.14,212.97,57.99,173.02,177.39,339.92,419.29,262.74,0,50.83,79.07,297.13,191.13,458.94,240.66,80.19,110.96,252.42,455.8,47.78,537.21,269.37,118.04,120.09,84.21,86.28,158.59,51.28,84.57,443.11,176.28,385.64,146.36,321.6,195.63,124.08,44.71,144.01,185.25,471.45,210.33,222.01,45.62,183.68,367.41,472.66,643.62,216.15,521.41,118.16,393.81,307.05,194.27,481.77,510.56,106.6,166.54,249.56,143.27,99.8,64.14,506.26,191.76,229.37,145.94,80.86,0,38,232.85,302.45,708.16,319.32,89.11,258.44,343.83,0,207.57,350.71,295.77,591.92,159.81,430.48,0,365.1,90.77,283.76,162.5,292.71,163.37,236.93,230.44,330.4,197.64,234.11,273.19,401.17,68.88,169.76,0,56.49,376.65,252.57,122.45,276.09,303.03,232.57,45.11,38.53,241.66
hsa-miR-153.1,7.46,3.41,4.94,9.19,0,2.19,0,0.72,3.42,1.97,0,2.67,0,23.79,4.46,4.89,2.11,10.27,0,2.41,0,14.15,0,6.72,0,14.36,0,0.76,0,3.43,6.37,0,0,4,0,0,12.44,3.54,10.54,0,0,0,0,4.68,0,0.98,20.18,8.4,0,5.8,1.83,3.02,4.22,6.35,0,0,0,0,2.77,0,2.87,1.91,9.45,14.69,59.29,0,1.11,8.32,2.88,0,0,0,3.53,2.75,32.4,0,0,2.67,2.35,4.28,16.2,18.18,3.8,6.82,3.48,15.29,0,11.02,0,14.46,0,13.77,20.4,3.45,73.88,0,3.41,19.74,6.88,0,9.43,21.51,1.92,4.08,29.51,13.59,5.29,0,15.61,5.6,12.53,5.33,8.25,28.24,10.24,0,1.86,2.49,3.28,0,13.26,4.08,0.87,1.5,1.47,3.97,22.97,35.7,12.87,7.35,29.18,0,33.36,0,16.54,0,9.19,11.25,19.19,0,6.44,17.3,29.57,0,0,7.3,0,27.11,5.65,0,0,0,0,5.01,0,0,0,56.82,0,7.92,3.16,2.28,0,2.61,2.75,3.17,1.56,15.28,12.59,0,27.29,0,0,23.63,4.97,0,26.46,0,0,0,32.58,10.2,0,8.2,12.87,8.92,6.74,0,0,32.32,4.32,0,31.91,16.4,19.03,11.99,17.41,0,6.41,7.96,0,4.68,3.47,0,0,25.34,0,0,0,17.35,0,8.34,0,0,3.58,1.72,59.15,2.5,6.75,0,0,0,90.77,0,0,3.63,68.79,0,0,0,9.64,38.38,17.68,5.38,0,0,0,2.63,0,4.43,12.89,0,0,0,0,12.84,0
hsa-miR-200c,48.51,10.22,12.34,4.09,0,1.65,0.96,1.44,17.1,0,4.16,16.01,0,9.51,11.16,2.45,2.11,0,0,6.7,0,21.23,0,29.33,0,33.51,0,0.76,26.54,11.99,7.07,0,62.17,6.67,21.32,0,13.99,4.25,40.07,8.31,1.68,12.13,0,42.11,3.61,0.98,0,8.4,15.61,0,1.22,16.63,4.22,8.74,11.14,0,0,2.58,2.77,0.64,4.6,1.91,3.29,10.28,0,0,2.23,6.24,1.44,19.88,8.75,3.25,4.17,3.67,0,4.71,0,2.67,0,23.54,32.4,9.09,5.06,17.04,5.22,4.37,0,23.62,43.52,14.46,27.58,4.59,0,2.3,0,0,13.64,19.74,13.08,24.75,28.28,17.93,17.29,17.35,51.25,14.72,0,0,7.81,22.4,8.95,5.33,61.84,9.41,16.39,8.79,3.45,6.22,2.98,5.48,38.45,5.1,6.96,6.02,3.69,9.92,28.71,59.5,28.31,46.53,53.06,0,25.02,45.37,0,73.51,50.56,33.76,67.15,133.11,25.77,59.77,49.28,14.78,0,29.19,0,77.94,56.48,0,0,0,0,25.06,83.22,0,0,69.73,0,18.49,22.57,8.68,65.9,9.8,11.92,32.29,9.74,45.84,37.77,0,19.85,0,32.6,29.54,29.81,0,52.93,22.45,16.18,0,68.43,91.84,7.2,19.13,0,27.76,8.99,0,0,0,12.95,0,31.91,8.2,42.83,25.06,28.12,12.47,25.66,19.1,0,14.04,62.55,107.81,0,12.67,0,0,0,20.83,29.7,25.01,0,0,7.16,3.01,0,5,27.01,0,0,0,0,10.13,0,3.33,17.2,0,0,22.79,12.05,23.03,4.82,1.79,0,2.69,0,1.97,0,13.29,6.44,0,15.95,0,7.52,12.84,0
hsa-miR-212,89.55,32.35,13.16,16.34,327.06,2.19,4.33,2.16,3.42,17.76,10.4,16.01,39.49,59.47,15.62,12.23,7.74,51.34,0,6.16,0,49.54,0,22.61,0,67.02,0,3.43,37.16,10.28,43.15,0,62.17,20,63.96,0,14.77,9.21,48.5,78.95,5.04,36.38,0,107.63,28.92,4.43,141.27,75.62,66.9,98.67,10.95,39.3,29.57,22.24,111.37,0,0,113.34,10.17,14.14,12.07,5.73,11.51,39.66,177.86,179.75,22.28,18.73,11.52,47.72,17.5,16.27,20.03,15.61,259.17,12.24,78.62,4.01,9.4,27.82,29.7,27.27,6.33,17.04,6.96,17.47,8.39,25.19,50.78,137.37,82.75,27.54,81.59,8.61,147.77,74.22,23.87,52.65,28.23,247.49,32.99,39.44,30.74,21.43,55.91,29.44,79.39,120.47,32.53,27.99,28.63,42.62,45.35,28.24,26.63,35.16,7.96,6.22,5.96,32.87,45.74,12.25,12.18,6.52,9.22,27.78,61.26,178.49,69.48,51.43,45.1,59.88,33.36,181.46,157.15,294.05,91.93,56.26,57.56,79.86,70.87,61.35,118.26,192.13,698.81,160.56,0,111.83,62.12,424.47,29.4,373.95,343.8,65.15,124.84,50.48,607.74,60.69,423.25,71.3,14.67,8.68,95.19,16.34,8.25,26.59,8.57,152.8,100.73,107.12,29.77,160.8,146.72,53.18,79.49,72,66.16,157.15,145.61,190.29,74.95,81.64,72.04,24.59,12.87,24.79,13.48,118.16,43.76,48.48,21.59,53.53,63.82,41,52.34,19.62,33.47,24.95,48.1,78.01,95.88,65.53,45.17,26.95,0,38,116.43,75.61,26.72,45.12,118.82,133.39,63.07,0,28.63,13.32,177.46,9.99,24.76,95.66,0,81.13,363.08,50.67,135.42,8.48,60.19,221.13,149.11,22.79,67.49,53.73,20.89,8.97,22.96,32.33,0,9.2,188.32,17.72,64.45,115.04,143.54,65.6,25.06,12.84,120.83
hsa-miR-218.1,14.93,1.7,4.94,7.15,0,1.65,0,0.72,0,5.92,1.04,10.67,9.87,2.38,2.23,1.63,0.7,15.4,0,2.41,0,0,0,11.61,0,23.94,0,2.67,0,5.14,0.71,0,62.17,5.33,21.32,0,5.44,2.13,11.25,0,5.04,12.13,0,14.04,21.69,0.98,6.73,12.6,6.69,0,1.22,1.51,6.34,2.38,0,0,0,0,3.23,0,1.15,1.91,3.7,4.41,29.64,0,1.11,8.32,1.44,19.88,0,3.25,2.18,6.43,32.4,2.82,0,6.69,0,12.84,5.4,0,2.53,8.52,6.96,13.1,1.4,9.45,29.02,14.46,0,4.59,20.4,2.3,73.88,47.23,13.64,19.74,11.02,0,14.14,28.68,7.68,11.22,13.98,6.79,15.88,40.16,22.12,5.6,10.74,15.98,0,9.41,6.14,8.79,3.18,3.11,2.68,5.48,21.88,7.14,4.35,3.01,2.21,2.98,17.23,47.6,7.72,29.39,29.18,19.96,8.34,0,8.27,24.5,55.16,0,38.37,26.62,6.44,11.01,39.42,44.34,0,21.9,597.01,16.94,28.24,63.67,4.9,0,0,40.09,13.87,0,0,1.29,81.39,7.92,7.22,4.11,3.66,1.31,3.67,8.86,3.9,15.28,25.18,0,7.44,0,0,29.54,4.97,0,26.46,0,0,10.57,35.84,10.2,0,4.1,12.87,7.93,8.99,0,0,16.16,0,0,0,0,21.41,10.9,17.41,12.47,9.62,6.37,47.94,28.09,3.47,53.91,0,25.34,23.29,18.9,0,13.88,29.7,25.01,8.14,0,14.32,1.29,0,2.5,4.5,0,0,40.57,0,0,0,1.82,8.6,0,13.56,11.39,9.64,15.35,4.82,0.9,5.74,0,0,1.31,20.92,0,6.44,0,15.95,11.93,5.01,25.69,30.21
hsa-miR-30b,33.58,124.31,125.87,243.06,327.06,151.38,108.69,198.71,270.18,256.53,189.27,96.05,108.6,42.82,274.51,196.47,222.99,215.63,234.41,126.21,167.84,113.23,0,60.5,0,81.38,0,173.92,53.09,101.09,136.53,0,0,162.66,85.29,491.32,154.69,108.42,56.94,54.02,105.85,12.13,0,32.76,79.52,148.1,80.72,50.42,53.52,29.02,124.1,51.4,183.73,140.6,66.82,229.17,0,72.13,103.04,57.2,49.98,39.13,127.02,63.16,29.64,0,70.19,183.14,129.55,71.59,266.93,9.76,35.8,212.05,64.79,199.56,167.06,148.45,133.94,145.5,56.69,199.97,137.97,115.9,132.23,163.8,262.98,74,21.76,72.3,27.58,50.5,0,172.3,73.88,128.2,119.34,39.49,125.3,24.75,4.71,53.78,32.66,48.98,38.83,108.71,37.05,0,39.04,46.19,50.1,63.94,82.45,47.06,22.53,52.74,135.02,152.41,132.94,169.85,55.02,124.52,277.43,155.95,140.45,229.16,38.28,47.6,97.79,36.73,106.12,59.88,33.36,45.37,82.71,24.5,32.17,56.26,23.98,0,3.22,14.16,59.13,29.56,0,0,0,23.72,28.24,0,14.7,0,0,10.02,27.74,0,0,11.62,0,15.85,65.91,75.34,18.31,22.22,60.5,25.32,52.61,137.52,88.14,128.55,86.82,0,48.91,82.72,69.55,0,13.23,224.5,32.36,31.72,16.29,51.02,273.76,225.4,360.43,58.5,188.79,0,65.64,113.12,133.83,267.65,63.82,57.4,88.03,82.82,70.96,0,19.24,141.69,0,70.21,13.9,53.91,0,38,46.57,94.51,200.42,121.48,29.7,58.36,101.73,0,121.68,133.23,44.36,152.35,186.82,0,0,121.7,136.15,50.67,81.25,115.33,42.99,63.18,13.56,136.72,238.61,80.59,106.06,123.85,45.92,102.39,0,63.71,0,48.74,25.78,0,15.95,71.56,17.54,51.37,0
hsa-miR-3129,37.31,57.9,33.73,57.19,163.53,50.46,67.33,45,82.08,82.88,40.56,90.71,49.37,14.27,62.49,40.76,35.87,15.4,0,28.94,0,42.46,0,36.05,0,14.36,0,25.55,31.85,22.27,14.86,0,62.17,33.33,0,0,19.43,9.21,25.31,29.09,40.32,48.5,0,60.83,21.69,30.51,6.73,21.01,31.22,17.41,29.2,3.02,59.13,80.23,16.71,38.2,0,20.61,31.42,22.5,1.72,7.64,35.76,30.84,118.57,0,21.17,29.14,31.67,39.77,30.63,9.76,9.97,28.46,0,26.36,78.62,21.4,9.4,17.12,53.99,27.27,25.31,39.2,19.14,54.6,22.38,31.49,29.02,50.61,0,55.09,13.6,31.59,0,13.5,17.05,19.74,33.73,24.75,14.14,35.85,15.37,18.37,54.36,35.1,26.46,0,14.31,11.2,14.31,15.98,28.86,0,12.29,8.79,13,32.97,27.42,27.39,106.73,19.39,26.96,29.08,31.33,46.62,19.14,11.9,33.45,29.39,26.53,19.96,16.68,0,16.54,73.51,18.39,45.01,38.37,0,28.99,18.88,9.86,0,0,14.6,0,30.5,39.53,0,19.6,34,34.38,10.02,27.74,0,0,1.29,0,42.25,19.18,20.55,58.58,13.07,22.92,11.39,49.3,0,0,42.85,84.34,0,16.3,35.45,74.52,0,52.93,0,48.54,31.72,39.1,30.61,14.41,36.88,0,17.85,40.45,0,21.88,16.16,25.9,0,31.91,90.2,59.48,14.17,24.1,24.95,12.83,41.39,23.97,9.36,24.32,107.81,0,12.67,139.71,37.81,26.72,38.18,89.11,16.67,16.28,0,17.89,18.48,29.58,24.98,45.02,0,0,81.13,90.77,30.4,0,13.92,8.6,142.16,54.22,56.97,2.41,23.03,19.28,12.56,40.18,32.33,0,9.2,20.92,35.45,77.33,0,31.9,53.67,0,38.53,0
hsa-miR-324,223.88,631.77,273.96,311.48,490.6,886.87,1685.68,1114.5,266.76,376.91,246.46,218.78,612.13,245.01,397.25,789.95,605.65,467.21,703.23,432.77,335.68,948.26,0,287.81,0,397.35,0,691.12,366.31,757.3,468.3,0,124.35,525.32,554.36,818.87,294.61,755.43,260.09,340.75,581.33,485.04,0,327.56,910.87,1393.92,121.09,247.88,996.75,446.9,1342.02,232.79,367.47,329.65,200.47,859.4,0,425.03,395.54,471.76,428.02,314.03,370.79,201.23,474.28,89.87,396.62,260.14,267.73,79.54,520.73,182.2,189.14,516.81,161.98,412.29,245.68,240.73,444.13,216.11,175.48,490.83,791.09,337.46,561.99,301.4,504.97,193.65,137.83,498.86,303.42,312.16,115.58,384.23,369.41,560.05,658.06,394.86,459.19,49.5,32.99,136.24,307.36,355.07,414.67,601.31,79.39,160.62,359.14,421.32,218.3,293.04,478.22,498.82,129.04,316.46,540.6,762.06,267.08,723.21,133.91,619.55,367.87,1368.42,272.79,262.88,139.74,35.7,388.58,115.1,220.2,59.88,150.11,272.19,157.15,73.51,128.7,146.28,57.56,26.62,45.1,89.66,39.42,147.79,0,21.9,0,57.61,50.83,21.22,112.72,34,34.38,45.1,0,0,60.77,15.5,130.23,512.33,634,616.43,230.65,537.29,890.13,488.07,398.48,229.2,113.32,171.39,111.63,0,195.63,147.71,104.32,216.01,79.39,134.7,388.29,105.72,68.43,551.05,475.47,573.75,334.68,244.91,534.89,354.48,65.64,177.77,168.36,214.12,255.28,237.81,180.82,160.2,246.36,112.27,202.03,624.86,151.81,210.64,45.17,188.67,0,76.01,209.57,642.7,788.33,426.92,237.64,125.05,358.08,386.85,407.98,451.28,133.09,729.28,159.81,95.66,0,567.93,226.92,334.43,54.17,577.86,240.76,205.34,122,307.61,520.61,414.49,657.26,635.41,235.33,264.06,0,335.64,167.4,403.23,186.89,207.07,127.59,161.01,275.66,89.9,60.41
hsa-miR-331,52.24,6.81,13.99,8.17,0,3.29,4.33,7.92,0,23.68,4.16,26.68,0,16.65,8.93,7.34,3.52,20.54,0,11.79,0,0,0,31.78,0,33.51,0,2.29,26.54,18.85,11.32,0,0,5.33,21.32,0,10.11,10.63,39.36,29.09,1.68,0,0,0,0,6.89,0,21.01,15.61,11.61,4.87,0,9.5,15.89,5.57,0,0,18.03,7.39,0,12.64,7.64,7.81,10.28,29.64,17.97,4.46,20.81,12.95,27.84,13.13,16.27,8.88,7.34,0,9.41,19.65,14.71,9.4,17.12,27,18.18,11.39,17.04,9.28,4.37,4.2,23.62,14.51,130.14,55.17,9.18,40.79,9.19,0,0,0,46.07,16.52,24.75,47.13,17.93,19.21,12.24,34.17,19.25,15.88,0,16.92,22.4,1.79,10.66,8.25,37.65,12.29,17.58,5.57,13.69,6.86,21.92,13.92,8.17,6.96,6.02,9.22,6.94,36.37,0,12.87,56.33,31.84,0,0,15.12,0,24.5,32.17,22.5,43.17,26.62,3.22,31.46,9.86,14.78,0,14.6,597.01,37.28,101.66,21.22,0,0,0,50.12,55.48,50.48,0,0,48.84,0,14.22,6.39,40.27,7.84,7.33,24.69,6.63,0,25.18,0,9.92,0,16.3,17.73,54.65,0,92.62,0,16.18,52.86,55.39,20.41,0,6.83,12.87,24.79,11.24,0,0,0,25.9,0,0,8.2,35.69,42.5,21.42,12.47,41.69,14.33,15.98,9.36,10.42,107.81,0,50.67,23.29,0,26.72,10.41,0,8.34,12.21,0,14.32,12.89,14.79,5,20.26,0,0,81.13,0,10.13,27.08,4.54,34.39,0,0,0,7.23,19.19,12.86,5.38,11.48,16.17,0,7.23,41.85,17.72,32.22,46.02,15.95,11.93,2.51,12.84,0
hsa-miR-33b,44.78,8.51,22.21,5.11,0,7.68,6.25,0.72,3.42,19.73,3.12,10.67,19.75,7.14,0,3.26,1.41,0,0,13.67,0,0,0,42.16,0,33.51,0,3.43,31.85,15.42,2.12,0,0,10.67,63.96,0,28.76,10.63,63.26,29.09,3.36,36.38,0,23.4,3.61,2.95,26.91,33.61,13.38,2.9,3.65,0,5.28,8.74,0,0,0,5.15,2.31,2.57,8.62,6.68,5.75,4.41,88.93,17.97,5.57,6.24,0,19.88,4.38,6.51,3.9,8.26,32.4,6.59,0,10.7,7.05,29.96,48.59,18.18,8.86,27.27,11.02,6.55,0,44.08,36.27,7.23,0,13.77,0,4.02,0,20.24,6.82,98.72,22.72,0,18.85,46.61,32.66,29.59,68.33,24.91,26.46,40.16,32.53,37.79,19.68,42.62,37.1,28.24,24.58,8.79,14.06,11.82,9.54,0,40.44,20.41,19.13,11.53,13.64,27.78,36.37,47.6,33.45,102.86,66.32,19.96,58.37,0,8.27,0,110.31,101.27,115.12,53.24,83.76,72.36,88.7,14.78,0,0,0,128.78,62.12,21.22,39.21,17,0,15.03,55.48,50.48,0,10.33,81.39,2.64,31.37,18.26,40.27,18.3,10.08,32.29,5.26,15.28,163.69,21.42,22.33,160.8,32.6,106.35,129.16,0,105.86,44.9,32.36,10.57,84.72,61.23,28.82,25.96,25.74,37.68,22.47,0,0,48.48,38.85,0,31.91,24.6,80.89,32.69,44.18,24.95,35.28,50.94,31.96,28.09,41.7,80.86,0,114.01,46.57,37.81,0,55.53,89.11,25.01,4.07,0,53.68,1.29,14.79,0,4.5,0,0,0,0,30.4,54.17,2.72,17.2,0,40.67,11.39,0,15.35,1.61,1.79,22.96,16.17,0,5.25,0,13.29,12.89,0,0,0,0,0,60.41
hsa-miR-361,238.81,885.5,748.65,1650.36,490.6,1650.88,1050.36,1885.94,1573.21,1779.95,2309.68,1400.73,1559.95,378.21,1544.37,896.74,1740.29,477.47,0,845.18,839.21,1118.1,0,464.41,0,852.14,522.47,1133.18,663.61,488.31,946.51,0,124.35,1311.97,682.29,163.77,680.17,933.3,259.38,411.39,1124.01,303.15,0,655.11,1008.47,1388.5,443.98,445.34,775.99,568.78,1312.82,386.98,1202.72,981.81,467.77,725.72,0,1081.91,1128.39,719.85,551.54,188.04,1576.05,688.87,237.14,89.87,1014.95,836.6,1088.2,270.43,1317.13,91.1,204.64,1538.5,259.17,993.08,1228.42,1273.21,672.07,524.23,356.35,1199.81,1204.98,352.8,1296.23,1181.58,1601.65,248.76,420.73,766.37,551.68,904.35,428.33,1399.07,591.06,836.7,1213.83,302.73,952.11,74.25,146.12,315.51,447.59,440.78,484.55,865.16,259.36,200.78,595.96,439.52,311.35,202.46,457.61,188.23,231.45,316.46,711.96,539.35,829.86,788.96,210.81,723.66,1027.09,487.9,736.15,626.95,214.39,202.29,283.07,146.94,355.5,379.26,75.05,393.16,355.67,196.04,151.68,123.78,67.15,53.24,41.88,157.3,68.99,59.12,139.76,58.39,0,44.06,73.42,0,142.12,152.98,309.42,75.17,110.96,100.97,60.77,58.11,325.58,517.61,404.69,522.37,87.87,311.79,591.28,179.15,215.7,702.87,125.92,749.85,506.06,0,603.19,194.98,114.26,288.02,145.55,606.16,388.29,317.15,26.07,285.73,835.68,724.02,1171.38,467.01,791.1,472.65,634.48,840.35,310.82,856.49,957.3,311.61,485.35,639.69,368.21,237.01,166.76,897.1,359.55,224.68,382.22,296.48,0,38,186.28,850.63,1215.89,458.16,207.93,516.89,710.05,386.85,289.88,745.68,325.34,1196.32,279.11,143.49,0,567.93,181.54,486.44,622.93,540.63,309.55,347.49,311.77,672.19,817.06,372.27,903.13,890.29,499.37,956.56,0,155.67,230.17,558.32,393.11,368.12,223.28,775.22,102.75,359.62,317.17
hsa-miR-3622a,93.29,3.41,15.63,6.13,0,2.19,1.44,1.44,0,3.95,0,13.34,0,9.51,8.93,1.63,0.7,20.54,0,5.63,0,0,0,27.5,0,23.94,0,1.53,5.31,17.13,5.66,0,62.17,2.67,21.32,0,17.88,11.34,31.63,12.47,1.68,24.25,0,4.68,0,1.48,20.18,25.21,11.15,5.8,1.22,3.02,4.22,6.35,5.57,0,0,5.15,5.08,0.64,13.21,0.95,5.34,35.25,0,0,1.11,6.24,2.88,23.86,0,16.27,7.79,11.93,32.4,12.24,0,13.37,2.35,23.54,24.3,9.09,10.13,17.04,7.54,2.18,2.8,28.34,36.27,0,27.58,4.59,6.8,5.17,0,13.5,17.05,32.91,18.59,24.75,28.28,39.44,24.97,20.41,37.27,13.59,10.59,0,20.82,18.2,17.89,42.62,53.59,0,20.48,0,4.77,8.09,10.13,16.44,38.45,25.52,9.57,6.02,9.95,15.87,42.11,47.6,25.73,41.63,31.84,0,33.36,45.37,41.36,0,55.16,56.26,52.76,0,109.53,44.04,147.83,14.78,279.52,211.65,0,37.28,62.12,21.22,24.5,17,68.76,235.55,97.09,100.97,0,10.33,0,21.13,30.02,10.5,40.27,6.54,9.17,22.79,4.48,0,62.96,42.85,14.88,0,16.3,64.99,89.42,0,52.93,22.45,0,31.72,45.62,40.82,7.2,21.86,12.87,14.87,15.73,118.16,21.88,0,21.59,0,0,16.4,49.96,27.24,50.88,12.47,22.45,26.27,15.98,4.68,59.07,26.95,0,25.34,23.29,18.9,0,24.3,59.41,50.02,10.17,0,25.05,1.29,14.79,5,0,95.66,0,0,45.38,10.13,27.08,3.63,8.6,0,13.56,0,7.23,34.54,1.61,1.79,45.92,2.69,0,1.31,0,13.29,19.33,0,0,5.96,0,12.84,0
hsa-miR-3651,41.05,0,13.16,5.11,0,2.74,0.96,0.72,0,3.95,1.04,8,0,2.38,2.23,0,1.41,35.94,0,4.29,0,42.46,0,16.5,0,23.94,0,1.14,15.93,13.71,0,0,62.17,8,0,0,9.33,3.54,22.49,16.62,3.36,24.25,0,0,0,0.49,6.73,8.4,8.92,5.8,2.43,1.51,2.11,4.77,0,0,0,0,4.62,1.29,2.3,3.82,1.23,4.41,0,0,0,4.16,10.08,3.98,17.5,3.25,4.71,0,32.4,9.41,0,0,2.35,21.4,24.3,9.09,1.27,15.34,2.32,6.55,1.4,15.74,21.76,0,27.58,0,0,2.87,0,0,3.41,32.91,10.33,49.5,18.85,3.59,9.6,17.35,21.74,10.19,31.76,0,18.22,18.2,8.95,10.66,12.37,9.41,10.24,8.79,2.12,1.24,4.17,10.96,29.17,8.17,5.22,3.01,2.95,4.96,22.97,11.9,33.45,34.29,26.53,0,0,15.12,16.54,24.5,22.98,67.51,28.78,0,22.55,33.03,29.57,0,0,36.49,0,27.11,0,0,0,0,0,30.07,41.61,100.97,60.77,3.87,16.28,0,6.77,5.48,58.58,2.61,4.58,4.43,2.92,0,12.59,0,12.4,0,0,35.45,59.61,72,39.7,22.45,0,0,35.84,20.41,0,10.93,0,20.82,8.99,0,21.88,64.64,34.54,0,31.91,0,21.41,15.26,24.1,0,16.03,6.37,23.97,9.36,17.37,26.95,0,63.34,69.86,0,0,17.35,0,16.67,6.1,0,14.32,3.01,0,2.5,11.25,0,0,0,0,20.27,0,3.94,8.6,0,13.56,0,14.46,3.84,9.64,8.97,11.48,0,0,1.97,20.92,0,25.78,23.01,15.95,0,0,0,0
hsa-miR-374c,67.17,49.38,99.55,125.62,0,123.95,87.53,210.59,92.34,142.08,141.43,64.03,138.22,16.65,136.14,95.38,126.62,71.88,234.41,138.27,0,113.23,0,56.22,0,90.96,0,231.9,79.63,75.39,77.82,0,0,133.33,127.93,163.77,75.4,141.73,38.66,66.49,137.77,0,0,70.19,159.04,166.8,40.36,37.81,189.54,87.06,262.81,49.88,120.38,75.46,155.92,57.29,0,92.73,111.36,87.41,65.5,21.95,112.22,66.1,29.64,35.95,83.56,93.65,99.32,19.88,161.91,9.76,12.6,123.92,64.79,123.31,147.41,61.52,91.65,59.91,43.19,163.61,129.11,121.01,106.71,96.1,144.08,34.64,0,122.91,27.58,78.04,47.59,113.72,0,87.72,109.11,39.49,84.68,0,14.14,28.68,44.18,28.57,60.57,74.74,31.76,40.16,29.93,46.19,25.05,21.31,86.57,84.71,28.68,17.58,138.73,131.26,120.13,65.75,32.48,111.25,145.24,86.25,70.78,114.08,21.06,0,77.2,41.63,63.67,59.88,8.34,15.12,66.17,0,32.17,56.26,0,0,12.89,22.02,0,29.56,0,14.6,0,3.39,0,0,34.31,0,0,70.16,13.87,0,0,9.04,65.12,50.18,85.32,95.43,3.66,54.91,132.01,32.29,47.74,91.68,12.59,42.85,64.5,0,0,29.54,4.97,0,39.7,67.35,0,84.57,3.26,51.02,122.47,165.29,257.45,48.59,159.57,118.16,65.64,64.64,38.85,53.53,127.64,32.8,78.51,40.32,48.2,12.47,9.62,103.48,31.96,37.45,10.42,80.86,0,12.67,0,75.61,307.31,76.36,29.7,50.02,87.48,0,64.42,97.56,88.73,204.8,33.76,47.83,0,40.57,0,60.81,0,73.86,34.39,63.18,27.11,91.14,110.87,49.89,168.73,126.54,57.4,83.53,0,22.99,0,48.74,6.44,0,15.95,77.52,5.01,77.06,90.62
hsa-miR-379,63.43,32.35,44.43,26.55,0,60.33,133.22,106.55,41.04,19.73,35.36,48.02,0,11.89,8.93,8.97,49.24,20.54,0,33.5,0,7.08,0,15.28,0,19.15,0,34.33,47.78,11.99,36.79,0,0,38.67,85.29,163.77,31.87,35.43,14.06,16.62,38.64,24.25,0,23.4,18.07,120.05,26.91,37.81,40.14,5.8,25.55,0,34.85,19.86,22.27,19.1,0,46.37,15.71,49.49,9.19,5.73,35.35,22.03,0,0,1.11,12.49,30.23,15.91,35.01,3.25,3.99,40.39,0,11.3,0,18.72,35.25,23.54,24.3,54.54,22.78,32.38,20.3,21.84,20.98,26.77,7.25,0,0,41.32,6.8,56.86,0,20.24,37.51,26.32,22.03,0,9.43,17.93,28.81,11.22,12.42,57.75,0,0,13.01,16.8,3.58,31.97,12.37,9.41,12.29,26.37,31.57,31.1,34.28,71.23,17.9,17.35,82.62,79.73,35.76,19.84,9.57,11.9,41.17,44.08,23.88,139.73,0,45.37,8.27,24.5,45.96,11.25,9.59,26.62,19.33,37.75,29.57,0,139.76,58.39,0,6.78,50.83,0,39.21,17,0,25.06,41.61,0,0,11.62,0,10.56,29.12,30.14,10.98,16.34,55,6.96,31.57,0,0,21.42,22.33,0,32.6,5.91,19.87,0,26.46,0,0,21.14,22.81,30.61,43.22,35.52,51.49,13.88,31.46,118.16,0,16.16,8.63,0,63.82,32.8,23.79,14.17,6.69,0,6.41,28.66,0,9.36,6.95,26.95,0,12.67,0,18.9,13.36,31.24,0,0,30.52,0,60.84,45.56,29.58,24.98,20.26,95.66,0,121.7,0,20.27,54.17,32.09,17.2,31.59,0,22.79,0,30.7,28.93,27.82,34.44,26.95,0,1.31,20.92,17.72,51.56,23.01,0,23.85,10.02,0,0
hsa-miR-3922,41.05,3.41,4.94,5.11,0,2.19,1.44,2.52,0,0,0,13.34,0,16.65,2.23,0,0,30.8,0,2.14,0,0,0,7.33,0,4.79,0,0.38,21.24,5.14,4.95,0,0,0,0,0,3.11,8.5,5.62,16.62,0,12.13,0,9.36,0,1.48,0,0,0,14.51,0.61,0,4.22,3.18,5.57,0,0,0,0.46,1.29,0.57,0.95,2.47,5.88,0,0,1.11,4.16,2.88,15.91,0,3.25,3.81,0.92,0,5.65,0,8.02,0,6.42,2.7,9.09,1.27,1.7,2.9,0,2.8,4.72,7.25,7.23,0,0,0,4.02,73.88,6.75,3.41,26.32,6.2,0,18.85,10.76,19.21,17.35,9.32,11.32,0,40.16,5.2,8.4,3.58,15.98,12.37,0,6.14,0,3.45,3.73,1.79,10.96,10.61,3.06,1.74,4.01,2.21,0.99,19.14,23.8,20.59,29.39,13.26,0,0,45.37,8.27,24.5,13.79,11.25,19.19,0,38.66,31.46,39.42,14.78,0,0,0,10.17,33.89,0,0,0,0,10.02,0,0,0,10.33,0,2.64,6.09,3.2,3.66,7.19,1.83,3.8,1.95,0,12.59,0,17.36,0,0,5.91,39.74,72,39.7,22.45,0,0,22.81,0,0,1.37,12.87,2.97,0,0,21.88,0,0,0,0,0,2.38,9.81,13.39,0,9.62,5.57,0,0,3.47,0,0,0,46.57,18.9,0,6.94,29.7,8.34,4.07,0,10.74,6.45,0,14.99,49.52,0,0,0,0,30.4,0,0.91,8.6,0,0,11.39,0,0,4.82,4.49,11.48,2.69,0,0.66,0,0,12.89,0,15.95,0,0,0,30.21
hsa-miR-3941,14.93,5.11,3.29,4.09,0,1.65,0.48,1.08,0,1.97,3.12,8,0,16.65,4.46,1.63,4.92,0,0,2.14,0,7.08,3134.8,17.11,0,14.36,0,1.91,5.31,3.43,0.71,0,0,0,85.29,0,4.66,3.54,22.49,29.09,0,0,0,14.04,3.61,5.9,0,4.2,8.92,11.61,0.61,4.53,3.17,8.74,11.14,0,0,2.58,3.23,3.86,4.6,1.91,4.11,1.47,0,0,5.57,10.41,2.88,11.93,0,9.76,1.99,3.67,64.79,4.71,0,2.67,0,8.56,24.3,0,5.06,8.52,2.32,2.18,5.6,17.32,29.02,7.23,27.58,4.59,6.8,2.87,0,6.75,3.41,6.58,7.57,0,14.14,10.76,9.6,12.24,12.42,4.53,5.29,0,14.31,7,1.79,5.33,12.37,9.41,12.29,0,1.33,2.49,2.98,10.96,17.24,4.08,6.96,6.02,3.69,5.95,24.88,0,23.16,26.94,18.57,19.96,33.36,0,8.27,24.5,32.17,22.5,4.8,0,9.66,17.3,19.71,44.34,139.76,21.9,0,37.28,16.94,0,14.7,0,68.76,5.01,41.61,0,0,1.29,48.84,2.64,12.64,10.96,3.66,1.96,2.75,10.76,2.92,15.28,25.18,0,9.92,321.6,16.3,23.63,44.71,72,13.23,0,16.18,63.43,42.36,0,0,13.66,0,9.92,8.99,118.16,0,0,0,0,31.91,16.4,28.55,8.72,25.44,0,12.83,9.55,71.91,9.36,3.47,53.91,0,0,23.29,0,0,20.83,0,8.34,10.17,0,14.32,4.3,0,2.5,22.51,95.66,0,0,0,10.13,0,0.91,51.59,0,27.11,11.39,0,15.35,0,2.69,11.48,0,0,0.66,0,8.86,12.89,46.02,0,5.96,15.04,0,0
hsa-miR-432,208.96,395.07,602.21,637.27,654.13,375.15,1078.74,488.13,1056.79,524.91,1273.91,1069.89,207.34,216.46,488.75,210.33,792.77,195.1,0,789.17,1090.97,275.99,0,301.87,0,282.45,522.47,183.84,207.04,306.69,645.16,0,248.69,562.65,426.43,655.09,234.75,303.31,92.79,311.66,641.81,836.7,0,1441.25,231.33,1065.73,80.72,235.27,624.36,101.57,139.92,49.88,1012.65,347.92,662.67,324.66,0,365.79,573.44,1145.34,64.35,31.5,919.98,282.01,296.43,287.6,240.65,174.81,269.17,51.7,625.75,32.54,43.14,548.02,0,173.2,68.79,415.93,213.84,492.13,110.69,972.58,320.23,400.53,346.82,264.27,121.7,392.03,195.86,151.83,137.92,426.92,115.58,1199.21,591.06,391.36,153.43,282.98,261.61,24.75,47.13,157.75,182.49,205.09,437.96,864.03,47.64,40.16,105.4,198.76,19.68,133.2,169.03,169.41,67.59,79.11,379.06,273.1,530.59,739.65,40.44,242.92,1294.08,527.01,586.49,226.18,143.57,154.69,306.23,75.92,119.38,239.53,58.37,90.73,49.63,24.5,179.26,67.51,33.58,0,28.99,108.53,68.99,14.78,0,21.9,0,61,79.07,42.45,294.05,84.99,68.76,65.15,41.61,50.48,0,7.75,97.67,190.14,339.68,619.17,179.39,436.63,775.54,54.44,1812.16,122.24,50.37,192.82,168.69,0,97.81,64.99,14.9,360.02,13.23,44.9,161.79,179.72,65.17,591.87,288.17,219.94,102.98,83.29,409.03,118.16,21.88,80.8,60.44,160.59,319.1,180.4,275.98,106.8,29.46,24.95,9.62,401.98,207.74,140.43,59.07,242.57,0,50.67,163,245.74,374.12,256.85,920.84,33.35,699.88,0,504.61,731.07,177.46,182.32,252.09,0,0,40.57,90.77,152.01,54.17,421.06,111.78,1579.5,284.66,250.65,53.02,157.35,335.86,332.06,430.49,881.11,0,32.84,83.7,225.99,161.11,138.05,191.38,327.98,528.76,410.99,30.21
hsa-miR-496,14.93,3.41,0.82,5.11,0,1.1,0,0,0,5.92,0,5.34,0,0,4.46,1.63,0,0,0,1.34,0,7.08,0,3.67,0,9.57,0,1.91,0,0,0,0,0,0,0,0,2.33,1.42,7.03,0,1.68,0,0,0,3.61,0.49,6.73,0,0,23.22,0.61,0,0,1.59,0,0,0,7.73,1.39,0,1.72,0,6.17,4.41,0,0,0,2.08,5.76,3.98,4.38,6.51,2.9,0.92,0,0,0,1.34,4.7,4.28,16.2,0,0,0,0.58,4.37,0,0,14.51,0,0,9.18,0,1.15,73.88,13.5,3.41,6.58,8.26,24.75,0,7.17,7.68,7.14,1.55,7.93,0,0,20.82,4.2,3.58,5.33,4.12,0,0,0,0.8,0.62,0.89,0,45.74,0,0,0,1.11,5.95,22.97,0,2.57,4.9,15.92,0,0,0,0,0,9.19,0,9.59,0,0,7.86,0,0,0,0,0,13.56,5.65,0,9.8,0,0,15.03,97.09,0,0,0,16.28,0,1.81,1.37,14.64,3.92,0.92,1.9,1.17,0,0,0,4.96,0,0,5.91,4.97,0,0,0,0,0,19.55,0,0,5.46,0,2.97,0,0,0,16.16,4.32,0,0,0,16.65,7.63,9.37,0,0,1.59,0,0,0,0,0,0,0,0,0,0,0,0,4.07,0,7.16,3.44,0,0,15.76,0,0,0,0,20.27,0,1.82,0,0,0,0,0,0,3.21,0.9,28.7,0,0,0,0,4.43,0,0,0,0,0,0,0
hsa-miR-500a,52.24,34.06,14.81,11.23,0,1.1,2.89,4.68,13.68,7.89,4.16,16.01,9.87,11.89,15.62,8.15,7.03,77.01,0,4.82,0,7.08,0,22.61,0,23.94,0,4.2,5.31,8.57,6.37,0,62.17,10.67,0,0,10.88,7.09,27.41,16.62,11.76,0,0,4.68,0,6.4,0,4.2,8.92,2.9,4.26,6.05,2.11,3.97,5.57,0,0,2.58,16.17,6.43,4.6,9.55,15.21,11.75,0,0,12.26,2.08,12.95,11.93,8.75,9.76,5.08,7.34,32.4,7.53,0,5.35,2.35,12.84,27,18.18,6.33,10.23,4.06,13.1,2.8,18.89,7.25,7.23,27.58,0,0,4.02,0,6.75,6.82,46.07,24.1,0,23.57,39.44,32.66,21.43,15.53,26.05,15.88,0,6.51,11.2,12.53,31.97,12.37,9.41,8.19,0,9.81,6.84,7.75,5.48,19.89,5.1,13.05,8.02,12.16,9.92,24.88,0,30.88,34.29,68.98,19.96,16.68,0,0,0,18.39,22.5,23.98,0,32.22,23.59,19.71,14.78,0,0,0,50.83,39.53,0,9.8,0,68.76,15.03,69.35,0,0,1.29,0,18.49,15.35,12.33,18.31,16.34,3.67,18.99,6.63,0,12.59,42.85,39.69,0,16.3,88.63,49.68,0,13.23,0,48.54,0,39.1,30.61,0,17.76,12.87,19.83,13.48,0,43.76,16.16,21.59,0,0,0,40.45,19.62,16.07,37.42,19.24,11.14,31.96,4.68,31.27,26.95,0,0,0,18.9,13.36,34.71,0,25.01,8.14,0,14.32,12.89,0,5,11.25,0,0,0,0,30.4,54.17,7.26,68.79,0,13.56,34.18,14.46,11.51,8.03,10.77,0,8.08,0,3.28,20.92,22.16,25.78,0,0,29.82,7.52,25.69,0
hsa-miR-503,41.05,95.36,37.02,93.96,0,51.56,87.53,265.67,140.22,136.16,118.55,98.72,187.59,83.25,102.66,226.63,80.19,179.69,0,51.45,0,77.84,0,79.44,0,105.32,0,121.67,90.25,92.52,147.85,0,310.87,125.33,149.25,0,65.3,87.87,66.08,54.02,142.81,84.88,0,74.87,61.45,320.31,60.54,46.21,62.44,55.14,64.49,37.79,59.13,96.91,133.65,57.29,0,72.13,71.16,44.35,114.33,90.68,67.42,77.85,59.29,17.97,152.63,114.46,76.29,91.47,196.91,45.55,113.46,34.88,97.19,123.31,78.62,100.31,47,74.89,53.99,63.63,193.66,121.01,111.93,96.1,135.69,135.4,79.79,166.29,0,224.94,95.18,101.66,147.77,101.21,37.51,78.97,112.22,99,47.13,136.24,101.81,33.67,71.44,72.47,79.39,0,54.65,69.99,57.26,106.56,57.72,56.47,124.94,131.86,113.8,139.97,33.39,87.66,79.55,47.97,77.4,70.7,81.47,86.31,47.86,83.3,64.33,68.57,76.94,259.49,25.02,166.34,107.53,73.51,64.35,33.76,119.92,26.62,35.44,59.77,68.99,0,0,21.9,0,71.17,79.07,21.22,58.81,101.99,68.76,70.16,0,50.48,0,19.37,81.39,76.59,67.71,114.61,84.21,93.47,60.5,69,39.75,91.68,75.55,21.42,79.38,0,48.91,88.63,89.42,144.01,79.39,0,48.54,10.57,45.62,51.02,108.06,71.04,115.85,93.2,96.64,118.16,153.15,113.12,164.05,0,63.82,131.2,126.1,30.51,117.83,99.8,76.97,71.64,7.99,37.45,38.22,0,0,114.01,163,170.13,267.23,69.42,29.7,100.04,42.72,0,132.42,53.29,88.73,197.31,47.27,95.66,0,0,45.38,91.21,81.25,83.85,68.79,78.98,54.22,193.68,101.23,122.81,117.31,150.77,109.06,43.11,0,88.01,0,110.78,70.89,23.01,15.95,89.45,90.22,141.28,45.31
hsa-miR-574,100.75,321.84,257.5,358.46,490.6,242.97,745.93,305.26,355.68,536.75,816.35,584.3,730.61,482.88,417.34,541.31,410.1,610.96,468.82,468.41,251.76,410.44,0,281.7,1610.31,368.62,0,191.47,493.72,520.86,253.25,0,373.04,282.66,831.54,655.09,332.7,411.73,318.43,220.24,641.81,1443,0,842.29,889.18,485.63,168.18,588.18,628.82,229.25,298.09,195,823.64,552.86,194.9,821.21,2375.3,188.05,490.73,549.53,314.27,218.58,699.23,333.42,622.5,341.52,378.8,201.87,318.11,155.1,288.81,312.34,196.21,324.96,161.98,352.05,353.78,572.41,368.93,368.03,272.66,463.56,496.17,303.38,245.33,275.19,320.33,262.93,210.37,578.39,303.42,257.07,108.78,427.3,591.06,485.82,354.6,302.73,351.79,0,131.98,164.92,291.99,309.16,330.8,495.99,142.91,160.62,226.41,358.33,248.72,319.68,338.05,1345.87,243.74,298.87,518.59,620.23,570.53,619.11,228.71,554.23,593.12,775.72,417.66,480.14,216.31,142.79,491.52,262.04,225.5,199.61,208.48,166.34,99.26,98.02,174.66,225.05,163.09,0,154.63,234.37,197.1,236.47,419.29,80.28,0,172.83,146.84,84.89,475.38,67.99,103.14,60.14,124.84,0,0,233.72,146.51,266.73,481.43,538.35,336.82,628.15,670.12,339.31,928.1,106.96,327.38,149.97,240.63,0,440.16,100.44,154,72,66.16,224.5,291.22,158.58,107.53,734.74,194.51,427.58,244.57,215.16,292.17,118.16,306.3,339.37,267.65,160.59,63.82,844.62,304.53,201.61,85.69,74.85,131.48,646.36,351.56,285.54,430.87,242.57,0,418.04,93.14,283.54,601.27,329.73,326.75,100.04,408.94,0,261.25,348.13,325.34,189.81,1035.39,0,0,405.66,45.38,385.1,216.67,236.41,232.16,315.9,122,227.86,325.38,341.57,474.06,418.22,281.25,493.1,0,294.26,146.47,358.92,451.12,253.08,223.28,345.87,779.36,295.4,166.14
hsa-miR-592,29.85,18.73,8.23,11.23,0,7.13,20.68,5.76,37.62,27.63,16.64,61.37,29.62,23.79,35.71,14.67,11.25,154.02,0,4.82,83.92,7.08,0,22.61,0,14.36,0,3.81,5.31,25.7,1.41,0,62.17,12,0,0,33.43,5.67,33.04,16.62,1.68,60.63,0,0,0,2.95,6.73,21.01,20.07,40.63,1.83,1.51,9.5,15.89,0,0,0,0,8.78,10.93,11.49,3.82,14.8,8.81,59.29,17.97,5.57,12.49,11.52,23.86,4.38,13.01,9.61,7.34,0,4.71,29.48,2.67,7.05,23.54,37.8,27.27,8.86,13.63,7.54,19.66,8.39,26.77,29.02,36.15,55.17,22.95,0,8.04,0,40.49,6.82,39.49,13.08,0,84.84,25.1,11.53,16.33,18.64,56.62,31.76,0,41.64,26.6,14.31,26.64,24.74,28.24,12.29,43.95,3.18,6.22,6.26,5.48,31.82,8.17,15.65,3.51,12.53,18.85,40.2,11.9,38.6,41.63,34.49,0,8.34,0,16.54,24.5,50.56,11.25,52.76,0,3.22,20.45,0,0,0,7.3,0,40.67,67.77,21.22,24.5,34,0,45.1,41.61,50.48,0,90.39,113.95,31.69,18.96,10.96,21.97,10.46,3.67,8.23,4.68,15.28,25.18,0,9.92,0,16.3,47.27,39.74,0,39.7,0,32.36,21.14,87.98,30.61,7.2,20.49,12.87,15.86,11.24,0,21.88,32.32,4.32,0,0,8.2,33.31,23.97,22.76,12.47,19.24,25.47,79.9,23.4,6.95,26.95,0,63.34,0,18.9,13.36,41.65,29.7,25.01,2.03,0,42.95,14.61,14.79,12.49,9,47.83,0,40.57,0,20.27,0,10.9,0,0,0,0,36.15,15.35,11.25,8.97,40.18,0,0,7.88,41.85,17.72,6.44,46.02,31.9,11.93,15.04,64.22,30.21
hsa-miR-627,134.33,107.28,78.98,43.91,0,52.1,103.4,50.04,64.98,51.31,16.64,50.69,197.46,71.36,60.26,75,65.42,287.51,0,42.34,0,77.84,0,145.43,0,215.43,0,42.34,84.94,90.81,24.05,0,124.35,56,85.29,0,67.63,34.72,95.6,108.04,47.04,84.88,27777.78,51.47,43.37,51.17,60.54,54.62,73.59,46.43,71.79,36.28,57.02,76.26,61.26,95.49,0,2.58,24.03,18.64,50.56,18.14,31.65,39.66,88.93,35.95,42.34,83.24,90.68,95.45,26.26,39.04,49.03,84.45,0,87.54,49.14,36.11,39.95,143.36,143.08,18.18,83.54,109.08,49.88,91.73,34.97,157.44,79.79,86.76,27.58,160.67,47.59,43.65,73.88,148.45,51.14,204.01,133.56,24.75,183.82,157.75,115.26,130.6,161.52,137.02,89.98,80.31,210.8,113.38,112.73,223.78,156.66,103.53,131.09,87.9,54.64,63.45,40.54,120.54,159.1,97.99,90.45,51.65,53.82,113.09,166.54,273.69,146.68,213.06,201.63,79.84,150.11,15.12,57.9,73.51,188.45,101.27,163.09,292.83,90.2,149.43,137.97,73.9,139.76,14.6,0,138.94,152.49,106.12,19.6,50.99,68.76,45.1,41.61,201.94,0,86.52,32.56,21.13,91.41,64.84,234.31,73.21,66,46.21,55.92,137.52,415.52,107.12,119.07,160.8,81.51,289.52,312.97,0,291.11,89.8,113.25,63.43,286.75,112.25,122.47,110.65,0,110.06,107.88,0,109.39,161.61,177,53.53,159.55,213.21,249.81,150.39,220.92,49.9,160.34,136.12,183.77,112.34,180.69,242.57,0,177.35,163,170.13,26.72,142.31,59.41,166.74,81.38,1547.39,271.99,61.03,14.79,87.41,144.05,47.83,0,81.13,0,121.61,0,41.17,146.18,47.39,27.11,79.75,253.07,111.3,61.07,85.26,40.18,53.89,0,28.24,20.92,88.62,109.56,23.01,31.9,89.45,37.59,77.06,151.03
hsa-miR-642a,11.19,25.54,9.87,5.11,0,1.1,1.44,3.24,6.84,1.97,2.08,5.34,19.75,0,2.23,5.71,3.52,10.27,234.41,9.91,0,7.08,0,23.22,0,23.94,0,2.67,15.93,5.14,0.71,0,0,5.33,0,163.77,6.22,6.38,27.41,4.16,0,12.13,0,9.36,3.61,0.98,6.73,4.2,2.23,8.71,3.04,7.56,2.11,7.15,5.57,0,0,0,1.39,3.86,4.6,0.95,2.06,13.22,0,17.97,3.34,10.41,15.83,7.95,0,6.51,5.89,1.84,64.79,0.94,9.83,0,7.05,17.12,21.6,0,3.8,8.52,0.58,6.55,5.6,22.04,0,14.46,0,4.59,0,4.59,0,6.75,13.64,6.58,11.02,0,4.71,21.51,11.53,16.33,26.4,10.19,5.29,40.16,7.81,15.4,25.05,15.98,8.25,0,10.24,0,3.18,5.6,5.96,16.44,32.48,6.12,6.09,5.52,3.69,8.93,30.63,0,12.87,24.49,39.79,19.96,0,30.24,33.09,0,27.58,33.76,28.78,26.62,16.11,15.73,9.86,0,139.76,7.3,0,30.5,56.48,0,24.5,0,0,10.02,13.87,0,0,187.23,16.28,7.92,19.41,9.13,62.24,9.8,8.25,15.19,9.55,15.28,12.59,21.42,9.92,0,0,11.82,14.9,0,92.62,67.35,0,10.57,32.58,10.2,7.2,4.1,0,18.84,24.72,0,21.88,16.16,12.95,0,31.91,16.4,26.17,17.44,24.1,12.47,6.41,16.72,15.98,4.68,13.9,0,0,38,93.14,0,13.36,27.77,0,0,4.07,0,17.89,6.45,14.79,9.99,13.51,0,0,0,0,20.27,0,4.24,25.8,0,27.11,22.79,0,11.51,3.21,3.59,11.48,8.08,0,4.6,0,17.72,19.33,0,0,5.96,10.02,12.84,0
hsa-miR-676,164.18,51.09,18.92,26.55,0,6.03,10.58,1.44,10.26,25.65,10.4,26.68,69.11,45.2,29.01,29.35,6.33,71.88,1406.47,6.97,83.92,77.84,0,34.22,0,71.81,0,4.96,69.01,20.56,55.89,0,62.17,52,21.32,0,21.77,29.76,45.69,195.31,25.2,48.5,0,154.42,50.6,6.4,269.08,105.03,124.87,203.14,2.43,57.44,44.35,27.01,350.83,0,0,170.01,24.49,7.71,5.75,10.5,12.74,42.6,29.64,197.72,35.65,24.97,21.59,83.52,48.13,26.03,32.9,27.54,680.32,16.94,127.76,17.39,0,29.96,24.3,90.9,12.66,18.75,9.28,15.29,15.39,33.06,166.84,180.75,468.93,59.68,319.55,14.36,73.88,195.68,37.51,85.55,27.54,296.99,113.12,46.61,65.31,26.53,45.04,16.99,201.13,80.31,32.53,36.39,34,53.28,57.72,65.88,26.63,114.28,11.41,10.58,7.75,5.48,29.83,15.31,20,11.03,17.33,33.73,80.4,523.57,61.76,129.79,140.61,319.37,208.48,453.65,239.87,171.53,105.72,112.52,129.51,532.42,70.87,84.94,147.83,458.15,419.29,270.04,597.01,77.94,107.31,615.48,98.02,475.94,446.94,85.2,263.54,201.94,1063.54,18.08,244.18,105.64,29.12,15.98,113.49,15.03,9.17,24.06,10.52,168.08,151.1,257.09,24.81,482.39,391.26,47.27,129.16,432.03,66.16,134.7,323.58,306.58,74.95,30.61,100.86,21.86,128.72,36.69,20.23,354.48,196.91,96.96,17.27,481.77,95.73,32.8,59.48,39.23,54.9,137.22,41.69,21.49,183.77,191.92,232.81,107.81,0,12.67,279.42,151.22,13.36,48.59,118.82,266.78,61.04,0,42.95,15.04,295.77,24.98,51.77,47.83,0,162.27,317.69,91.21,460.43,8.78,154.77,157.95,338.88,56.97,132.56,72.92,33.75,13.46,103.32,99.7,0,19.05,292.95,35.45,51.56,483.16,223.28,125.23,12.53,0,332.28
hsa-miR-769,78.36,114.09,64.99,109.27,163.53,112.98,194.78,135.35,133.38,126.29,111.27,74.71,118.48,35.68,116.05,127.17,156.87,118.08,0,77.18,83.92,155.68,0,80.66,0,81.38,1044.93,58.74,106.18,97.66,50.23,0,124.35,134.66,106.61,0,126.71,73.7,94.9,74.8,94.09,218.27,0,51.47,97.59,100.87,33.64,54.62,118.18,75.45,106.46,25.7,71.8,105.65,89.1,190.98,0,61.82,147.86,78.41,57.45,17.18,129.08,118.97,88.93,17.97,84.67,72.84,70.53,75.56,148.78,19.52,14.05,123.01,64.79,128.02,88.45,53.5,65.8,64.19,94.49,109.07,96.2,64.77,104.97,120.12,139.88,56.68,94.3,86.76,27.58,59.68,74.79,137.27,147.77,67.48,122.75,92.13,102.58,24.75,75.41,107.56,74.92,71.42,108.71,117.77,47.64,40.16,104.1,83.98,30.42,58.61,111.31,84.71,36.87,35.16,92.31,95.8,58.13,115.06,187.61,84.72,91.32,112.32,79.99,99.2,76.57,71.4,115.8,95.51,84.9,79.84,41.7,60.49,33.09,73.51,82.73,90.02,62.36,0,93.42,83.37,49.28,29.56,0,87.58,0,135.56,107.31,0,39.21,34,0,190.44,41.61,0,0,15.5,0,66.02,95.92,60.27,95.19,56.87,75.17,46.85,32.93,137.52,125.92,128.55,151.32,0,179.33,118.17,168.91,72,79.39,179.6,161.79,84.57,97.75,163.28,36.02,94.26,141.6,69.41,132.6,0,65.64,48.48,64.76,53.53,255.28,90.2,92.79,59.94,83.01,24.95,25.66,165.57,223.72,42.13,79.92,161.72,0,114.01,23.29,132.32,133.61,104.13,59.41,33.35,89.52,0,110.94,97.56,147.88,114.89,54.02,47.83,0,81.13,0,131.74,27.08,67.2,128.98,63.18,13.56,159.5,45.79,72.92,122.13,127.44,45.92,72.75,0,26.27,41.85,106.35,58,46.02,31.9,77.52,22.55,0,30.21
